file,line,type,commit,author,date,time,timezone,datetime,depth,length
style.css,1,css,9a276e7d,qichengzou,2026-04-10,20:42:04,-07:00,2026-04-10T20:42:04-07:00,0,4
style.css,2,css,9a276e7d,qichengzou,2026-04-10,20:42:04,-07:00,2026-04-10T20:42:04-07:00,1,31
style.css,3,css,e83b2e8c,qichengzou,2026-04-10,20:51:39,-07:00,2026-04-10T20:51:39-07:00,1,32
style.css,4,css,56f4f39c,qichengzou,2026-04-17,21:50:20,-07:00,2026-04-17T21:50:20-07:00,1,23
style.css,5,css,9a276e7d,qichengzou,2026-04-10,20:42:04,-07:00,2026-04-10T20:42:04-07:00,0,0
style.css,6,css,f750a62d,qichengzou,2026-04-02,15:21:40,-07:00,2026-04-02T15:21:40-07:00,0,4
style.css,7,css,f750a62d,qichengzou,2026-04-02,15:21:40,-07:00,2026-04-02T15:21:40-07:00,1,43
style.css,8,css,f750a62d,qichengzou,2026-04-02,15:21:40,-07:00,2026-04-02T15:21:40-07:00,0,42
style.css,9,css,f750a62d,qichengzou,2026-04-02,15:21:40,-07:00,2026-04-02T15:21:40-07:00,0,0
style.css,10,css,f750a62d,qichengzou,2026-04-02,15:21:40,-07:00,2026-04-02T15:21:40-07:00,1,23
style.css,11,css,236b06dd,qichengzou,2026-04-10,20:19:00,-07:00,2026-04-10T20:19:00-07:00,1,15
style.css,12,css,236b06dd,qichengzou,2026-04-10,20:19:00,-07:00,2026-04-10T20:19:00-07:00,1,18
style.css,13,css,236b06dd,qichengzou,2026-04-10,20:19:00,-07:00,2026-04-10T20:19:00-07:00,1,12
style.css,14,css,0437addf,qichengzou,2026-04-02,20:59:14,-07:00,2026-04-02T20:59:14-07:00,0,0
style.css,15,css,56f4f39c,qichengzou,2026-04-17,21:50:20,-07:00,2026-04-17T21:50:20-07:00,0,0
style.css,16,css,ae7fc3d9,qichengzou,2026-04-10,20:32:27,-07:00,2026-04-10T20:32:27-07:00,0,3
style.css,17,css,ae7fc3d9,qichengzou,2026-04-10,20:32:27,-07:00,2026-04-10T20:32:27-07:00,1,12
style.css,18,css,ae7fc3d9,qichengzou,2026-04-10,20:32:27,-07:00,2026-04-10T20:32:27-07:00,1,18
style.css,19,css,56f4f39c,qichengzou,2026-04-17,21:50:20,-07:00,2026-04-17T21:50:20-07:00,1,39
style.css,20,css,56f4f39c,qichengzou,2026-04-17,21:50:20,-07:00,2026-04-17T21:50:20-07:00,1,43
style.css,21,css,ae7fc3d9,qichengzou,2026-04-10,20:32:27,-07:00,2026-04-10T20:32:27-07:00,0,0
style.css,22,css,ae7fc3d9,qichengzou,2026-04-10,20:32:27,-07:00,2026-04-10T20:32:27-07:00,0,5
style.css,23,css,ae7fc3d9,qichengzou,2026-04-10,20:32:27,-07:00,2026-04-10T20:32:27-07:00,1,6
style.css,24,css,ae7fc3d9,qichengzou,2026-04-10,20:32:27,-07:00,2026-04-10T20:32:27-07:00,1,20
style.css,25,css,ae7fc3d9,qichengzou,2026-04-10,20:32:27,-07:00,2026-04-10T20:32:27-07:00,1,13
style.css,26,css,ae7fc3d9,qichengzou,2026-04-10,20:32:27,-07:00,2026-04-10T20:32:27-07:00,1,17
style.css,27,css,ae7fc3d9,qichengzou,2026-04-10,20:32:27,-07:00,2026-04-10T20:32:27-07:00,1,13
style.css,28,css,ae7fc3d9,qichengzou,2026-04-10,20:32:27,-07:00,2026-04-10T20:32:27-07:00,0,0
style.css,29,css,ae7fc3d9,qichengzou,2026-04-10,20:32:27,-07:00,2026-04-10T20:32:27-07:00,0,13
style.css,30,css,ae7fc3d9,qichengzou,2026-04-10,20:32:27,-07:00,2026-04-10T20:32:27-07:00,1,43
style.css,31,css,56f4f39c,qichengzou,2026-04-17,21:50:20,-07:00,2026-04-17T21:50:20-07:00,1,39
style.css,32,css,ae7fc3d9,qichengzou,2026-04-10,20:32:27,-07:00,2026-04-10T20:32:27-07:00,1,20
style.css,33,css,ae7fc3d9,qichengzou,2026-04-10,20:32:27,-07:00,2026-04-10T20:32:27-07:00,0,0
style.css,34,css,ae7fc3d9,qichengzou,2026-04-10,20:32:27,-07:00,2026-04-10T20:32:27-07:00,0,11
style.css,35,css,ae7fc3d9,qichengzou,2026-04-10,20:32:27,-07:00,2026-04-10T20:32:27-07:00,1,45
style.css,36,css,ae7fc3d9,qichengzou,2026-04-10,20:32:27,-07:00,2026-04-10T20:32:27-07:00,1,20
style.css,37,css,56f4f39c,qichengzou,2026-04-17,21:50:20,-07:00,2026-04-17T21:50:20-07:00,1,69
style.css,38,css,ae7fc3d9,qichengzou,2026-04-10,20:32:27,-07:00,2026-04-10T20:32:27-07:00,0,0
style.css,39,css,0437addf,qichengzou,2026-04-02,20:59:14,-07:00,2026-04-02T20:59:14-07:00,0,3
style.css,40,css,8b10eae2,qichengzou,2026-04-02,21:02:07,-07:00,2026-04-02T21:02:07-07:00,1,14
style.css,41,css,8b10eae2,qichengzou,2026-04-02,21:02:07,-07:00,2026-04-02T21:02:07-07:00,1,11
style.css,42,css,9a276e7d,qichengzou,2026-04-10,20:42:04,-07:00,2026-04-10T20:42:04-07:00,0,0
style.css,43,css,9a276e7d,qichengzou,2026-04-10,20:42:04,-07:00,2026-04-10T20:42:04-07:00,0,4
style.css,44,css,9a276e7d,qichengzou,2026-04-10,20:42:04,-07:00,2026-04-10T20:42:04-07:00,0,7
style.css,45,css,9a276e7d,qichengzou,2026-04-10,20:42:04,-07:00,2026-04-10T20:42:04-07:00,0,6
style.css,46,css,9a276e7d,qichengzou,2026-04-10,20:42:04,-07:00,2026-04-10T20:42:04-07:00,1,12
style.css,47,css,9a276e7d,qichengzou,2026-04-10,20:42:04,-07:00,2026-04-10T20:42:04-07:00,0,0
style.css,48,css,9a276e7d,qichengzou,2026-04-10,20:42:04,-07:00,2026-04-10T20:42:04-07:00,0,0
style.css,49,css,9a276e7d,qichengzou,2026-04-10,20:42:04,-07:00,2026-04-10T20:42:04-07:00,0,4
style.css,50,css,9a276e7d,qichengzou,2026-04-10,20:42:04,-07:00,2026-04-10T20:42:04-07:00,1,12
style.css,51,css,9a276e7d,qichengzou,2026-04-10,20:42:04,-07:00,2026-04-10T20:42:04-07:00,1,30
style.css,52,css,9a276e7d,qichengzou,2026-04-10,20:42:04,-07:00,2026-04-10T20:42:04-07:00,1,7
style.css,53,css,9a276e7d,qichengzou,2026-04-10,20:42:04,-07:00,2026-04-10T20:42:04-07:00,0,0
style.css,54,css,9a276e7d,qichengzou,2026-04-10,20:42:04,-07:00,2026-04-10T20:42:04-07:00,0,0
style.css,55,css,9a276e7d,qichengzou,2026-04-10,20:42:04,-07:00,2026-04-10T20:42:04-07:00,0,10
style.css,56,css,9a276e7d,qichengzou,2026-04-10,20:42:04,-07:00,2026-04-10T20:42:04-07:00,1,12
style.css,57,css,9a276e7d,qichengzou,2026-04-10,20:42:04,-07:00,2026-04-10T20:42:04-07:00,1,29
style.css,58,css,9a276e7d,qichengzou,2026-04-10,20:42:04,-07:00,2026-04-10T20:42:04-07:00,1,18
style.css,59,css,9a276e7d,qichengzou,2026-04-10,20:42:04,-07:00,2026-04-10T20:42:04-07:00,0,0
style.css,60,css,9a276e7d,qichengzou,2026-04-10,20:42:04,-07:00,2026-04-10T20:42:04-07:00,0,0
style.css,61,css,9a276e7d,qichengzou,2026-04-10,20:42:04,-07:00,2026-04-10T20:42:04-07:00,0,11
style.css,62,css,9a276e7d,qichengzou,2026-04-10,20:42:04,-07:00,2026-04-10T20:42:04-07:00,1,18
style.css,63,css,9a276e7d,qichengzou,2026-04-10,20:42:04,-07:00,2026-04-10T20:42:04-07:00,0,0
style.css,64,css,9a276e7d,qichengzou,2026-04-10,20:42:04,-07:00,2026-04-10T20:42:04-07:00,0,0
style.css,65,css,db0728bc,qichengzou,2026-04-10,21:22:25,-07:00,2026-04-10T21:22:25-07:00,0,6
style.css,66,css,56f4f39c,qichengzou,2026-04-17,21:50:20,-07:00,2026-04-17T21:50:20-07:00,1,16
style.css,67,css,db0728bc,qichengzou,2026-04-10,21:22:25,-07:00,2026-04-10T21:22:25-07:00,1,17
style.css,68,css,db0728bc,qichengzou,2026-04-10,21:22:25,-07:00,2026-04-10T21:22:25-07:00,1,34
style.css,69,css,db0728bc,qichengzou,2026-04-10,21:22:25,-07:00,2026-04-10T21:22:25-07:00,1,19
style.css,70,css,56f4f39c,qichengzou,2026-04-17,21:50:20,-07:00,2026-04-17T21:50:20-07:00,1,23
style.css,71,css,db0728bc,qichengzou,2026-04-10,21:22:25,-07:00,2026-04-10T21:22:25-07:00,1,14
style.css,72,css,db0728bc,qichengzou,2026-04-10,21:22:25,-07:00,2026-04-10T21:22:25-07:00,1,24
style.css,73,css,db0728bc,qichengzou,2026-04-10,21:22:25,-07:00,2026-04-10T21:22:25-07:00,0,0
style.css,74,css,db0728bc,qichengzou,2026-04-10,21:22:25,-07:00,2026-04-10T21:22:25-07:00,0,0
style.css,75,css,db0728bc,qichengzou,2026-04-10,21:22:25,-07:00,2026-04-10T21:22:25-07:00,0,12
style.css,76,css,db0728bc,qichengzou,2026-04-10,21:22:25,-07:00,2026-04-10T21:22:25-07:00,1,32
style.css,77,css,56f4f39c,qichengzou,2026-04-17,21:50:20,-07:00,2026-04-17T21:50:20-07:00,1,69
style.css,78,css,db0728bc,qichengzou,2026-04-10,21:22:25,-07:00,2026-04-10T21:22:25-07:00,0,0
style.css,79,css,db0728bc,qichengzou,2026-04-10,21:22:25,-07:00,2026-04-10T21:22:25-07:00,0,0
style.css,80,css,9a276e7d,qichengzou,2026-04-10,20:42:04,-07:00,2026-04-10T20:42:04-07:00,0,4
style.css,81,css,9a276e7d,qichengzou,2026-04-10,20:42:04,-07:00,2026-04-10T20:42:04-07:00,0,8
style.css,82,css,9a276e7d,qichengzou,2026-04-10,20:42:04,-07:00,2026-04-10T20:42:04-07:00,1,10
style.css,83,css,9a276e7d,qichengzou,2026-04-10,20:42:04,-07:00,2026-04-10T20:42:04-07:00,1,21
style.css,84,css,9a276e7d,qichengzou,2026-04-10,20:42:04,-07:00,2026-04-10T20:42:04-07:00,0,0
style.css,85,css,9a276e7d,qichengzou,2026-04-10,20:42:04,-07:00,2026-04-10T20:42:04-07:00,0,0
style.css,86,css,9a276e7d,qichengzou,2026-04-10,20:42:04,-07:00,2026-04-10T20:42:04-07:00,0,8
style.css,87,css,9a276e7d,qichengzou,2026-04-10,20:42:04,-07:00,2026-04-10T20:42:04-07:00,1,14
style.css,88,css,e83b2e8c,qichengzou,2026-04-10,20:51:39,-07:00,2026-04-10T20:51:39-07:00,0,0
style.css,89,css,e83b2e8c,qichengzou,2026-04-10,20:51:39,-07:00,2026-04-10T20:51:39-07:00,0,0
style.css,90,css,e83b2e8c,qichengzou,2026-04-10,20:51:39,-07:00,2026-04-10T20:51:39-07:00,0,9
style.css,91,css,e83b2e8c,qichengzou,2026-04-10,20:51:39,-07:00,2026-04-10T20:51:39-07:00,1,12
style.css,92,css,e83b2e8c,qichengzou,2026-04-10,20:51:39,-07:00,2026-04-10T20:51:39-07:00,1,58
style.css,93,css,e83b2e8c,qichengzou,2026-04-10,20:51:39,-07:00,2026-04-10T20:51:39-07:00,1,7
style.css,94,css,e83b2e8c,qichengzou,2026-04-10,20:51:39,-07:00,2026-04-10T20:51:39-07:00,0,0
style.css,95,css,e83b2e8c,qichengzou,2026-04-10,20:51:39,-07:00,2026-04-10T20:51:39-07:00,0,0
style.css,96,css,e83b2e8c,qichengzou,2026-04-10,20:51:39,-07:00,2026-04-10T20:51:39-07:00,0,17
style.css,97,css,34737f4a,qichengzou,2026-05-01,18:25:07,-07:00,2026-05-01T18:25:07-07:00,1,12
style.css,98,css,34737f4a,qichengzou,2026-05-01,18:25:07,-07:00,2026-05-01T18:25:07-07:00,1,21
style.css,99,css,e83b2e8c,qichengzou,2026-04-10,20:51:39,-07:00,2026-04-10T20:51:39-07:00,0,0
style.css,100,css,e83b2e8c,qichengzou,2026-04-10,20:51:39,-07:00,2026-04-10T20:51:39-07:00,0,0
style.css,101,css,e83b2e8c,qichengzou,2026-04-10,20:51:39,-07:00,2026-04-10T20:51:39-07:00,0,12
style.css,102,css,e83b2e8c,qichengzou,2026-04-10,20:51:39,-07:00,2026-04-10T20:51:39-07:00,1,8
style.css,103,css,940028e0,qichengzou,2026-04-10,21:10:28,-07:00,2026-04-10T21:10:28-07:00,0,0
style.css,104,css,940028e0,qichengzou,2026-04-10,21:10:28,-07:00,2026-04-10T21:10:28-07:00,0,0
style.css,105,css,940028e0,qichengzou,2026-04-10,21:10:28,-07:00,2026-04-10T21:10:28-07:00,0,2
style.css,106,css,940028e0,qichengzou,2026-04-10,21:10:28,-07:00,2026-04-10T21:10:28-07:00,1,14
style.css,107,css,940028e0,qichengzou,2026-04-10,21:10:28,-07:00,2026-04-10T21:10:28-07:00,1,20
style.css,108,css,940028e0,qichengzou,2026-04-10,21:10:28,-07:00,2026-04-10T21:10:28-07:00,0,0
style.css,109,css,940028e0,qichengzou,2026-04-10,21:10:28,-07:00,2026-04-10T21:10:28-07:00,0,0
style.css,110,css,940028e0,qichengzou,2026-04-10,21:10:28,-07:00,2026-04-10T21:10:28-07:00,0,22
style.css,111,css,940028e0,qichengzou,2026-04-10,21:10:28,-07:00,2026-04-10T21:10:28-07:00,1,15
style.css,112,css,940028e0,qichengzou,2026-04-10,21:10:28,-07:00,2026-04-10T21:10:28-07:00,1,17
style.css,113,css,940028e0,qichengzou,2026-04-10,21:10:28,-07:00,2026-04-10T21:10:28-07:00,0,0
style.css,114,css,940028e0,qichengzou,2026-04-10,21:10:28,-07:00,2026-04-10T21:10:28-07:00,0,0
style.css,115,css,940028e0,qichengzou,2026-04-10,21:10:28,-07:00,2026-04-10T21:10:28-07:00,0,7
style.css,116,css,940028e0,qichengzou,2026-04-10,21:10:28,-07:00,2026-04-10T21:10:28-07:00,1,19
style.css,117,css,940028e0,qichengzou,2026-04-10,21:10:28,-07:00,2026-04-10T21:10:28-07:00,0,0
style.css,118,css,940028e0,qichengzou,2026-04-10,21:10:28,-07:00,2026-04-10T21:10:28-07:00,0,0
style.css,119,css,940028e0,qichengzou,2026-04-10,21:10:28,-07:00,2026-04-10T21:10:28-07:00,0,10
style.css,120,css,940028e0,qichengzou,2026-04-10,21:10:28,-07:00,2026-04-10T21:10:28-07:00,1,16
style.css,121,css,940028e0,qichengzou,2026-04-10,21:10:28,-07:00,2026-04-10T21:10:28-07:00,1,41
style.css,122,css,940028e0,qichengzou,2026-04-10,21:10:28,-07:00,2026-04-10T21:10:28-07:00,1,20
style.css,123,css,940028e0,qichengzou,2026-04-10,21:10:28,-07:00,2026-04-10T21:10:28-07:00,1,18
style.css,124,css,940028e0,qichengzou,2026-04-10,21:10:28,-07:00,2026-04-10T21:10:28-07:00,0,0
style.css,125,css,940028e0,qichengzou,2026-04-10,21:10:28,-07:00,2026-04-10T21:10:28-07:00,0,0
style.css,126,css,940028e0,qichengzou,2026-04-10,21:10:28,-07:00,2026-04-10T21:10:28-07:00,0,7
style.css,127,css,940028e0,qichengzou,2026-04-10,21:10:28,-07:00,2026-04-10T21:10:28-07:00,1,20
style.css,128,css,940028e0,qichengzou,2026-04-10,21:10:28,-07:00,2026-04-10T21:10:28-07:00,0,0
style.css,129,css,940028e0,qichengzou,2026-04-10,21:10:28,-07:00,2026-04-10T21:10:28-07:00,0,0
style.css,130,css,940028e0,qichengzou,2026-04-10,21:10:28,-07:00,2026-04-10T21:10:28-07:00,0,14
style.css,131,css,940028e0,qichengzou,2026-04-10,21:10:28,-07:00,2026-04-10T21:10:28-07:00,1,20
style.css,132,css,940028e0,qichengzou,2026-04-10,21:10:28,-07:00,2026-04-10T21:10:28-07:00,0,0
style.css,133,css,940028e0,qichengzou,2026-04-10,21:10:28,-07:00,2026-04-10T21:10:28-07:00,0,0
style.css,134,css,940028e0,qichengzou,2026-04-10,21:10:28,-07:00,2026-04-10T21:10:28-07:00,0,10
style.css,135,css,940028e0,qichengzou,2026-04-10,21:10:28,-07:00,2026-04-10T21:10:28-07:00,1,20
style.css,136,css,940028e0,qichengzou,2026-04-10,21:10:28,-07:00,2026-04-10T21:10:28-07:00,0,0
style.css,137,css,940028e0,qichengzou,2026-04-10,21:10:28,-07:00,2026-04-10T21:10:28-07:00,0,0
style.css,138,css,940028e0,qichengzou,2026-04-10,21:10:28,-07:00,2026-04-10T21:10:28-07:00,0,16
style.css,139,css,940028e0,qichengzou,2026-04-10,21:10:28,-07:00,2026-04-10T21:10:28-07:00,1,8
style.css,140,css,940028e0,qichengzou,2026-04-10,21:10:28,-07:00,2026-04-10T21:10:28-07:00,1,23
style.css,141,css,940028e0,qichengzou,2026-04-10,21:10:28,-07:00,2026-04-10T21:10:28-07:00,0,0
style.css,142,css,940028e0,qichengzou,2026-04-10,21:10:28,-07:00,2026-04-10T21:10:28-07:00,0,0
style.css,143,css,940028e0,qichengzou,2026-04-10,21:10:28,-07:00,2026-04-10T21:10:28-07:00,0,2
style.css,144,css,940028e0,qichengzou,2026-04-10,21:10:28,-07:00,2026-04-10T21:10:28-07:00,1,20
style.css,145,css,940028e0,qichengzou,2026-04-10,21:10:28,-07:00,2026-04-10T21:10:28-07:00,0,0
style.css,146,css,940028e0,qichengzou,2026-04-10,21:10:28,-07:00,2026-04-10T21:10:28-07:00,0,0
style.css,147,css,940028e0,qichengzou,2026-04-10,21:10:28,-07:00,2026-04-10T21:10:28-07:00,0,2
style.css,148,css,940028e0,qichengzou,2026-04-10,21:10:28,-07:00,2026-04-10T21:10:28-07:00,1,19
style.css,149,css,940028e0,qichengzou,2026-04-10,21:10:28,-07:00,2026-04-10T21:10:28-07:00,0,0
style.css,150,css,940028e0,qichengzou,2026-04-10,21:10:28,-07:00,2026-04-10T21:10:28-07:00,0,0
style.css,151,css,940028e0,qichengzou,2026-04-10,21:10:28,-07:00,2026-04-10T21:10:28-07:00,0,4
style.css,152,css,940028e0,qichengzou,2026-04-10,21:10:28,-07:00,2026-04-10T21:10:28-07:00,1,15
style.css,153,css,940028e0,qichengzou,2026-04-10,21:10:28,-07:00,2026-04-10T21:10:28-07:00,0,0
style.css,154,css,940028e0,qichengzou,2026-04-10,21:10:28,-07:00,2026-04-10T21:10:28-07:00,0,0
style.css,155,css,940028e0,qichengzou,2026-04-10,21:10:28,-07:00,2026-04-10T21:10:28-07:00,0,13
style.css,156,css,940028e0,qichengzou,2026-04-10,21:10:28,-07:00,2026-04-10T21:10:28-07:00,1,18
style.css,157,css,db0728bc,qichengzou,2026-04-10,21:22:25,-07:00,2026-04-10T21:22:25-07:00,1,17
style.css,158,css,940028e0,qichengzou,2026-04-10,21:10:28,-07:00,2026-04-10T21:10:28-07:00,0,0
style.css,159,css,940028e0,qichengzou,2026-04-10,21:10:28,-07:00,2026-04-10T21:10:28-07:00,0,0
style.css,160,css,940028e0,qichengzou,2026-04-10,21:10:28,-07:00,2026-04-10T21:10:28-07:00,0,15
style.css,161,css,940028e0,qichengzou,2026-04-10,21:10:28,-07:00,2026-04-10T21:10:28-07:00,1,19
style.css,162,css,db0728bc,qichengzou,2026-04-10,21:22:25,-07:00,2026-04-10T21:22:25-07:00,1,17
style.css,163,css,940028e0,qichengzou,2026-04-10,21:10:28,-07:00,2026-04-10T21:10:28-07:00,0,0
style.css,164,css,940028e0,qichengzou,2026-04-10,21:10:28,-07:00,2026-04-10T21:10:28-07:00,0,0
style.css,165,css,940028e0,qichengzou,2026-04-10,21:10:28,-07:00,2026-04-10T21:10:28-07:00,0,15
style.css,166,css,940028e0,qichengzou,2026-04-10,21:10:28,-07:00,2026-04-10T21:10:28-07:00,1,13
style.css,167,css,940028e0,qichengzou,2026-04-10,21:10:28,-07:00,2026-04-10T21:10:28-07:00,0,0
style.css,168,css,56f4f39c,qichengzou,2026-04-17,21:50:20,-07:00,2026-04-17T21:50:20-07:00,0,0
style.css,169,css,56f4f39c,qichengzou,2026-04-17,21:50:20,-07:00,2026-04-17T21:50:20-07:00,0,13
style.css,170,css,56f4f39c,qichengzou,2026-04-17,21:50:20,-07:00,2026-04-17T21:50:20-07:00,1,17
style.css,171,css,56f4f39c,qichengzou,2026-04-17,21:50:20,-07:00,2026-04-17T21:50:20-07:00,1,8
style.css,172,css,56f4f39c,qichengzou,2026-04-17,21:50:20,-07:00,2026-04-17T21:50:20-07:00,1,10
style.css,173,css,56f4f39c,qichengzou,2026-04-17,21:50:20,-07:00,2026-04-17T21:50:20-07:00,1,13
style.css,174,css,56f4f39c,qichengzou,2026-04-17,21:50:20,-07:00,2026-04-17T21:50:20-07:00,0,0
style.css,175,css,56f4f39c,qichengzou,2026-04-17,21:50:20,-07:00,2026-04-17T21:50:20-07:00,0,0
style.css,176,css,56f4f39c,qichengzou,2026-04-17,21:50:20,-07:00,2026-04-17T21:50:20-07:00,0,6
style.css,177,css,56f4f39c,qichengzou,2026-04-17,21:50:20,-07:00,2026-04-17T21:50:20-07:00,1,12
style.css,178,css,51f96925,qichengzou,2026-04-24,16:46:47,-07:00,2026-04-24T16:46:47-07:00,0,0
style.css,179,css,51f96925,qichengzou,2026-04-24,16:46:47,-07:00,2026-04-24T16:46:47-07:00,0,0
style.css,180,css,51f96925,qichengzou,2026-04-24,16:46:47,-07:00,2026-04-24T16:46:47-07:00,0,15
style.css,181,css,51f96925,qichengzou,2026-04-24,16:46:47,-07:00,2026-04-24T16:46:47-07:00,1,15
style.css,182,css,51f96925,qichengzou,2026-04-24,16:46:47,-07:00,2026-04-24T16:46:47-07:00,0,0
style.css,183,css,51f96925,qichengzou,2026-04-24,16:46:47,-07:00,2026-04-24T16:46:47-07:00,0,0
style.css,184,css,51f96925,qichengzou,2026-04-24,16:46:47,-07:00,2026-04-24T16:46:47-07:00,0,17
style.css,185,css,51f96925,qichengzou,2026-04-24,16:46:47,-07:00,2026-04-24T16:46:47-07:00,1,12
style.css,186,css,51f96925,qichengzou,2026-04-24,16:46:47,-07:00,2026-04-24T16:46:47-07:00,1,36
style.css,187,css,51f96925,qichengzou,2026-04-24,16:46:47,-07:00,2026-04-24T16:46:47-07:00,1,17
style.css,188,css,51f96925,qichengzou,2026-04-24,16:46:47,-07:00,2026-04-24T16:46:47-07:00,1,10
style.css,189,css,51f96925,qichengzou,2026-04-24,16:46:47,-07:00,2026-04-24T16:46:47-07:00,0,0
style.css,190,css,51f96925,qichengzou,2026-04-24,16:46:47,-07:00,2026-04-24T16:46:47-07:00,0,0
style.css,191,css,51f96925,qichengzou,2026-04-24,16:46:47,-07:00,2026-04-24T16:46:47-07:00,0,17
style.css,192,css,51f96925,qichengzou,2026-04-24,16:46:47,-07:00,2026-04-24T16:46:47-07:00,1,10
style.css,193,css,51f96925,qichengzou,2026-04-24,16:46:47,-07:00,2026-04-24T16:46:47-07:00,1,16
style.css,194,css,51f96925,qichengzou,2026-04-24,16:46:47,-07:00,2026-04-24T16:46:47-07:00,0,0
style.css,195,css,51f96925,qichengzou,2026-04-24,16:46:47,-07:00,2026-04-24T16:46:47-07:00,0,0
style.css,196,css,51f96925,qichengzou,2026-04-24,16:46:47,-07:00,2026-04-24T16:46:47-07:00,0,17
style.css,197,css,51f96925,qichengzou,2026-04-24,16:46:47,-07:00,2026-04-24T16:46:47-07:00,1,10
style.css,198,css,51f96925,qichengzou,2026-04-24,16:46:47,-07:00,2026-04-24T16:46:47-07:00,1,8
style.css,199,css,51f96925,qichengzou,2026-04-24,16:46:47,-07:00,2026-04-24T16:46:47-07:00,1,16
style.css,200,css,34737f4a,qichengzou,2026-05-01,18:25:07,-07:00,2026-05-01T18:25:07-07:00,0,0
style.css,201,css,34737f4a,qichengzou,2026-05-01,18:25:07,-07:00,2026-05-01T18:25:07-07:00,0,0
style.css,202,css,34737f4a,qichengzou,2026-05-01,18:25:07,-07:00,2026-05-01T18:25:07-07:00,0,18
style.css,203,css,34737f4a,qichengzou,2026-05-01,18:25:07,-07:00,2026-05-01T18:25:07-07:00,1,14
style.css,204,css,34737f4a,qichengzou,2026-05-01,18:25:07,-07:00,2026-05-01T18:25:07-07:00,1,16
style.css,205,css,34737f4a,qichengzou,2026-05-01,18:25:07,-07:00,2026-05-01T18:25:07-07:00,1,13
style.css,206,css,34737f4a,qichengzou,2026-05-01,18:25:07,-07:00,2026-05-01T18:25:07-07:00,0,0
style.css,207,css,34737f4a,qichengzou,2026-05-01,18:25:07,-07:00,2026-05-01T18:25:07-07:00,0,0
style.css,208,css,34737f4a,qichengzou,2026-05-01,18:25:07,-07:00,2026-05-01T18:25:07-07:00,0,13
style.css,209,css,34737f4a,qichengzou,2026-05-01,18:25:07,-07:00,2026-05-01T18:25:07-07:00,1,16
style.css,210,css,34737f4a,qichengzou,2026-05-01,18:25:07,-07:00,2026-05-01T18:25:07-07:00,1,15
style.css,211,css,34737f4a,qichengzou,2026-05-01,18:25:07,-07:00,2026-05-01T18:25:07-07:00,1,11
style.css,212,css,34737f4a,qichengzou,2026-05-01,18:25:07,-07:00,2026-05-01T18:25:07-07:00,1,34
style.css,213,css,34737f4a,qichengzou,2026-05-01,18:25:07,-07:00,2026-05-01T18:25:07-07:00,1,14
style.css,214,css,34737f4a,qichengzou,2026-05-01,18:25:07,-07:00,2026-05-01T18:25:07-07:00,0,0
style.css,215,css,34737f4a,qichengzou,2026-05-01,18:25:07,-07:00,2026-05-01T18:25:07-07:00,0,0
style.css,216,css,34737f4a,qichengzou,2026-05-01,18:25:07,-07:00,2026-05-01T18:25:07-07:00,0,7
style.css,217,css,34737f4a,qichengzou,2026-05-01,18:25:07,-07:00,2026-05-01T18:25:07-07:00,1,20
style.css,218,css,34737f4a,qichengzou,2026-05-01,18:25:07,-07:00,2026-05-01T18:25:07-07:00,1,9
style.css,219,css,34737f4a,qichengzou,2026-05-01,18:25:07,-07:00,2026-05-01T18:25:07-07:00,1,10
style.css,220,css,34737f4a,qichengzou,2026-05-01,18:25:07,-07:00,2026-05-01T18:25:07-07:00,1,23
style.css,221,css,34737f4a,qichengzou,2026-05-01,18:25:07,-07:00,2026-05-01T18:25:07-07:00,1,17
style.css,222,css,34737f4a,qichengzou,2026-05-01,18:25:07,-07:00,2026-05-01T18:25:07-07:00,0,0
style.css,223,css,34737f4a,qichengzou,2026-05-01,18:25:07,-07:00,2026-05-01T18:25:07-07:00,0,0
style.css,224,css,34737f4a,qichengzou,2026-05-01,18:25:07,-07:00,2026-05-01T18:25:07-07:00,0,7
style.css,225,css,34737f4a,qichengzou,2026-05-01,18:25:07,-07:00,2026-05-01T18:25:07-07:00,1,12
style.css,226,css,34737f4a,qichengzou,2026-05-01,18:25:07,-07:00,2026-05-01T18:25:07-07:00,1,57
style.css,227,css,34737f4a,qichengzou,2026-05-01,18:25:07,-07:00,2026-05-01T18:25:07-07:00,1,10
style.css,228,css,34737f4a,qichengzou,2026-05-01,18:25:07,-07:00,2026-05-01T18:25:07-07:00,1,11
style.css,229,css,34737f4a,qichengzou,2026-05-01,18:25:07,-07:00,2026-05-01T18:25:07-07:00,1,21
style.css,230,css,34737f4a,qichengzou,2026-05-01,18:25:07,-07:00,2026-05-01T18:25:07-07:00,1,12
style.css,231,css,34737f4a,qichengzou,2026-05-01,18:25:07,-07:00,2026-05-01T18:25:07-07:00,1,15
style.css,232,css,34737f4a,qichengzou,2026-05-01,18:25:07,-07:00,2026-05-01T18:25:07-07:00,1,6
style.css,233,css,34737f4a,qichengzou,2026-05-01,18:25:07,-07:00,2026-05-01T18:25:07-07:00,0,0
style.css,234,css,34737f4a,qichengzou,2026-05-01,18:25:07,-07:00,2026-05-01T18:25:07-07:00,0,0
style.css,235,css,34737f4a,qichengzou,2026-05-01,18:25:07,-07:00,2026-05-01T18:25:07-07:00,0,10
style.css,236,css,34737f4a,qichengzou,2026-05-01,18:25:07,-07:00,2026-05-01T18:25:07-07:00,1,12
style.css,237,css,34737f4a,qichengzou,2026-05-01,18:25:07,-07:00,2026-05-01T18:25:07-07:00,1,18
style.css,238,css,34737f4a,qichengzou,2026-05-01,18:25:07,-07:00,2026-05-01T18:25:07-07:00,1,9
style.css,239,css,34737f4a,qichengzou,2026-05-01,18:25:07,-07:00,2026-05-01T18:25:07-07:00,0,0
style.css,240,css,34737f4a,qichengzou,2026-05-01,18:25:07,-07:00,2026-05-01T18:25:07-07:00,0,0
style.css,241,css,34737f4a,qichengzou,2026-05-01,18:25:07,-07:00,2026-05-01T18:25:07-07:00,0,10
style.css,242,css,34737f4a,qichengzou,2026-05-01,18:25:07,-07:00,2026-05-01T18:25:07-07:00,1,17
style.css,243,css,34737f4a,qichengzou,2026-05-01,18:25:07,-07:00,2026-05-01T18:25:07-07:00,1,11
style.css,244,css,34737f4a,qichengzou,2026-05-01,18:25:07,-07:00,2026-05-01T18:25:07-07:00,0,0
style.css,245,css,34737f4a,qichengzou,2026-05-01,18:25:07,-07:00,2026-05-01T18:25:07-07:00,0,0
style.css,246,css,34737f4a,qichengzou,2026-05-01,18:25:07,-07:00,2026-05-01T18:25:07-07:00,0,16
style.css,247,css,34737f4a,qichengzou,2026-05-01,18:25:07,-07:00,2026-05-01T18:25:07-07:00,1,12
style.css,248,css,34737f4a,qichengzou,2026-05-01,18:25:07,-07:00,2026-05-01T18:25:07-07:00,1,18
style.css,249,css,34737f4a,qichengzou,2026-05-01,18:25:07,-07:00,2026-05-01T18:25:07-07:00,1,7
style.css,250,css,34737f4a,qichengzou,2026-05-01,18:25:07,-07:00,2026-05-01T18:25:07-07:00,1,16
style.css,251,css,34737f4a,qichengzou,2026-05-01,18:25:07,-07:00,2026-05-01T18:25:07-07:00,0,0
style.css,252,css,34737f4a,qichengzou,2026-05-01,18:25:07,-07:00,2026-05-01T18:25:07-07:00,0,0
style.css,253,css,34737f4a,qichengzou,2026-05-01,18:25:07,-07:00,2026-05-01T18:25:07-07:00,0,10
style.css,254,css,34737f4a,qichengzou,2026-05-01,18:25:07,-07:00,2026-05-01T18:25:07-07:00,1,10
style.css,255,css,34737f4a,qichengzou,2026-05-01,18:25:07,-07:00,2026-05-01T18:25:07-07:00,1,14
style.css,256,css,34737f4a,qichengzou,2026-05-01,18:25:07,-07:00,2026-05-01T18:25:07-07:00,1,18
style.css,257,css,34737f4a,qichengzou,2026-05-01,18:25:07,-07:00,2026-05-01T18:25:07-07:00,1,20
style.css,258,css,34737f4a,qichengzou,2026-05-01,18:25:07,-07:00,2026-05-01T18:25:07-07:00,1,12
style.css,259,css,34737f4a,qichengzou,2026-05-01,18:25:07,-07:00,2026-05-01T18:25:07-07:00,1,21
style.css,260,css,34737f4a,qichengzou,2026-05-01,18:25:07,-07:00,2026-05-01T18:25:07-07:00,1,19
style.css,261,css,34737f4a,qichengzou,2026-05-01,18:25:07,-07:00,2026-05-01T18:25:07-07:00,0,0
style.css,262,css,34737f4a,qichengzou,2026-05-01,18:25:07,-07:00,2026-05-01T18:25:07-07:00,0,0
style.css,263,css,34737f4a,qichengzou,2026-05-01,18:25:07,-07:00,2026-05-01T18:25:07-07:00,0,23
style.css,264,css,34737f4a,qichengzou,2026-05-01,18:25:07,-07:00,2026-05-01T18:25:07-07:00,1,14
style.css,265,css,34737f4a,qichengzou,2026-05-01,18:25:07,-07:00,2026-05-01T18:25:07-07:00,1,16
style.css,266,css,34737f4a,qichengzou,2026-05-01,18:25:07,-07:00,2026-05-01T18:25:07-07:00,0,0
style.css,267,css,34737f4a,qichengzou,2026-05-01,18:25:07,-07:00,2026-05-01T18:25:07-07:00,0,0
style.css,268,css,34737f4a,qichengzou,2026-05-01,18:25:07,-07:00,2026-05-01T18:25:07-07:00,0,51
style.css,269,css,34737f4a,qichengzou,2026-05-01,18:25:07,-07:00,2026-05-01T18:25:07-07:00,1,11
style.css,270,css,34737f4a,qichengzou,2026-05-01,18:25:07,-07:00,2026-05-01T18:25:07-07:00,0,0
style.css,271,css,34737f4a,qichengzou,2026-05-01,18:25:07,-07:00,2026-05-01T18:25:07-07:00,0,0
style.css,272,css,34737f4a,qichengzou,2026-05-01,18:25:07,-07:00,2026-05-01T18:25:07-07:00,0,9
style.css,273,css,34737f4a,qichengzou,2026-05-01,18:25:07,-07:00,2026-05-01T18:25:07-07:00,1,35
style.css,274,css,34737f4a,qichengzou,2026-05-01,18:25:07,-07:00,2026-05-01T18:25:07-07:00,0,0
style.css,275,css,34737f4a,qichengzou,2026-05-01,18:25:07,-07:00,2026-05-01T18:25:07-07:00,0,0
style.css,276,css,34737f4a,qichengzou,2026-05-01,18:25:07,-07:00,2026-05-01T18:25:07-07:00,0,18
style.css,277,css,34737f4a,qichengzou,2026-05-01,18:25:07,-07:00,2026-05-01T18:25:07-07:00,1,17
style.css,278,css,34737f4a,qichengzou,2026-05-01,18:25:07,-07:00,2026-05-01T18:25:07-07:00,0,0
style.css,279,css,34737f4a,qichengzou,2026-05-01,18:25:07,-07:00,2026-05-01T18:25:07-07:00,0,0
index.js,1,js,51f96925,qichengzou,2026-04-24,16:46:47,-07:00,2026-04-24T16:46:47-07:00,0,54
index.js,2,js,51f96925,qichengzou,2026-04-24,16:46:47,-07:00,2026-04-24T16:46:47-07:00,0,0
index.js,3,js,51f96925,qichengzou,2026-04-24,16:46:47,-07:00,2026-04-24T16:46:47-07:00,0,54
index.js,4,js,51f96925,qichengzou,2026-04-24,16:46:47,-07:00,2026-04-24T16:46:47-07:00,0,0
index.js,5,js,51f96925,qichengzou,2026-04-24,16:46:47,-07:00,2026-04-24T16:46:47-07:00,0,34
index.js,6,js,51f96925,qichengzou,2026-04-24,16:46:47,-07:00,2026-04-24T16:46:47-07:00,0,0
index.js,7,js,51f96925,qichengzou,2026-04-24,16:46:47,-07:00,2026-04-24T16:46:47-07:00,0,52
index.js,8,js,51f96925,qichengzou,2026-04-24,16:46:47,-07:00,2026-04-24T16:46:47-07:00,0,0
index.js,9,js,51f96925,qichengzou,2026-04-24,16:46:47,-07:00,2026-04-24T16:46:47-07:00,0,38
index.js,10,js,51f96925,qichengzou,2026-04-24,16:46:47,-07:00,2026-04-24T16:46:47-07:00,0,0
index.js,11,js,51f96925,qichengzou,2026-04-24,16:46:47,-07:00,2026-04-24T16:46:47-07:00,0,44
index.js,12,js,51f96925,qichengzou,2026-04-24,16:46:47,-07:00,2026-04-24T16:46:47-07:00,0,0
index.js,13,js,51f96925,qichengzou,2026-04-24,16:46:47,-07:00,2026-04-24T16:46:47-07:00,0,47
index.js,14,js,51f96925,qichengzou,2026-04-24,16:46:47,-07:00,2026-04-24T16:46:47-07:00,0,0
index.js,15,js,51f96925,qichengzou,2026-04-24,16:46:47,-07:00,2026-04-24T16:46:47-07:00,0,53
index.js,16,js,51f96925,qichengzou,2026-04-24,16:46:47,-07:00,2026-04-24T16:46:47-07:00,0,0
index.js,17,js,51f96925,qichengzou,2026-04-24,16:46:47,-07:00,2026-04-24T16:46:47-07:00,0,10
index.js,18,js,51f96925,qichengzou,2026-04-24,16:46:47,-07:00,2026-04-24T16:46:47-07:00,1,17
index.js,19,js,51f96925,qichengzou,2026-04-24,16:46:47,-07:00,2026-04-24T16:46:47-07:00,2,2
index.js,20,js,51f96925,qichengzou,2026-04-24,16:46:47,-07:00,2026-04-24T16:46:47-07:00,3,41
index.js,21,js,51f96925,qichengzou,2026-04-24,16:46:47,-07:00,2026-04-24T16:46:47-07:00,3,42
index.js,22,js,51f96925,qichengzou,2026-04-24,16:46:47,-07:00,2026-04-24T16:46:47-07:00,3,42
index.js,23,js,51f96925,qichengzou,2026-04-24,16:46:47,-07:00,2026-04-24T16:46:47-07:00,2,3
index.js,24,js,51f96925,qichengzou,2026-04-24,16:46:47,-07:00,2026-04-24T16:46:47-07:00,1,0
index.js,25,js,51f96925,qichengzou,2026-04-24,16:46:47,-07:00,2026-04-24T16:46:47-07:00,0,0
index.html,1,html,46ba0c9f,qichengzou,2026-04-01,13:01:38,-07:00,2026-04-01T13:01:38-07:00,0,13
index.html,2,html,46ba0c9f,qichengzou,2026-04-01,13:01:38,-07:00,2026-04-01T13:01:38-07:00,0,14
index.html,3,html,46ba0c9f,qichengzou,2026-04-01,13:01:38,-07:00,2026-04-01T13:01:38-07:00,0,4
index.html,4,html,46ba0c9f,qichengzou,2026-04-01,13:01:38,-07:00,2026-04-01T13:01:38-07:00,2,20
index.html,5,html,46ba0c9f,qichengzou,2026-04-01,13:01:38,-07:00,2026-04-01T13:01:38-07:00,2,68
index.html,6,html,8b10eae2,qichengzou,2026-04-02,21:02:07,-07:00,2026-04-02T21:02:07-07:00,2,38
index.html,7,html,56f4f39c,qichengzou,2026-04-17,21:50:20,-07:00,2026-04-17T21:50:20-07:00,2,45
index.html,8,html,51f96925,qichengzou,2026-04-24,16:46:47,-07:00,2026-04-24T16:46:47-07:00,2,50
index.html,9,html,46ba0c9f,qichengzou,2026-04-01,13:01:38,-07:00,2026-04-01T13:01:38-07:00,2,53
index.html,10,html,46ba0c9f,qichengzou,2026-04-01,13:01:38,-07:00,2026-04-01T13:01:38-07:00,0,5
index.html,11,html,46ba0c9f,qichengzou,2026-04-01,13:01:38,-07:00,2026-04-01T13:01:38-07:00,0,4
index.html,12,html,46ba0c9f,qichengzou,2026-04-01,13:01:38,-07:00,2026-04-01T13:01:38-07:00,2,18
index.html,13,html,a48b5eb3,qichengzou,2026-04-02,21:06:55,-07:00,2026-04-02T21:06:55-07:00,2,179
index.html,14,html,51f96925,qichengzou,2026-04-24,16:46:47,-07:00,2026-04-24T16:46:47-07:00,2,0
index.html,15,html,51f96925,qichengzou,2026-04-24,16:46:47,-07:00,2026-04-24T16:46:47-07:00,2,22
index.html,16,html,51f96925,qichengzou,2026-04-24,16:46:47,-07:00,2026-04-24T16:46:47-07:00,2,20
index.html,17,html,51f96925,qichengzou,2026-04-24,16:46:47,-07:00,2026-04-24T16:46:47-07:00,2,4
index.html,18,html,51f96925,qichengzou,2026-04-24,16:46:47,-07:00,2026-04-24T16:46:47-07:00,2,0
index.html,19,html,51f96925,qichengzou,2026-04-24,16:46:47,-07:00,2026-04-24T16:46:47-07:00,2,30
index.html,20,html,51f96925,qichengzou,2026-04-24,16:46:47,-07:00,2026-04-24T16:46:47-07:00,2,30
index.html,21,html,51f96925,qichengzou,2026-04-24,16:46:47,-07:00,2026-04-24T16:46:47-07:00,2,22
index.html,22,html,51f96925,qichengzou,2026-04-24,16:46:47,-07:00,2026-04-24T16:46:47-07:00,0,0
index.html,23,html,51f96925,qichengzou,2026-04-24,16:46:47,-07:00,2026-04-24T16:46:47-07:00,2,28
index.html,24,html,51f96925,qichengzou,2026-04-24,16:46:47,-07:00,2026-04-24T16:46:47-07:00,2,8
index.html,25,html,51f96925,qichengzou,2026-04-24,16:46:47,-07:00,2026-04-24T16:46:47-07:00,0,0
index.html,26,html,11b31752,qichengzou,2026-04-02,20:55:41,-07:00,2026-04-02T20:55:41-07:00,2,46
index.html,27,html,46ba0c9f,qichengzou,2026-04-01,13:01:38,-07:00,2026-04-01T13:01:38-07:00,0,5
index.html,28,html,46ba0c9f,qichengzou,2026-04-01,13:01:38,-07:00,2026-04-01T13:01:38-07:00,0,5
global.js,1,js,56f4f39c,qichengzou,2026-04-17,21:50:20,-07:00,2026-04-17T21:50:20-07:00,0,25
global.js,2,js,56f4f39c,qichengzou,2026-04-17,21:50:20,-07:00,2026-04-17T21:50:20-07:00,0,0
global.js,3,js,56f4f39c,qichengzou,2026-04-17,21:50:20,-07:00,2026-04-17T21:50:20-07:00,0,15
global.js,4,js,56f4f39c,qichengzou,2026-04-17,21:50:20,-07:00,2026-04-17T21:50:20-07:00,1,68
global.js,5,js,56f4f39c,qichengzou,2026-04-17,21:50:20,-07:00,2026-04-17T21:50:20-07:00,2,3
global.js,6,js,56f4f39c,qichengzou,2026-04-17,21:50:20,-07:00,2026-04-17T21:50:20-07:00,2,14
global.js,7,js,56f4f39c,qichengzou,2026-04-17,21:50:20,-07:00,2026-04-17T21:50:20-07:00,0,0
global.js,8,js,56f4f39c,qichengzou,2026-04-17,21:50:20,-07:00,2026-04-17T21:50:20-07:00,0,41
global.js,9,js,56f4f39c,qichengzou,2026-04-17,21:50:20,-07:00,2026-04-17T21:50:20-07:00,1,52
global.js,10,js,56f4f39c,qichengzou,2026-04-17,21:50:20,-07:00,2026-04-17T21:50:20-07:00,0,0
global.js,11,js,56f4f39c,qichengzou,2026-04-17,21:50:20,-07:00,2026-04-17T21:50:20-07:00,0,0
global.js,12,js,56f4f39c,qichengzou,2026-04-17,21:50:20,-07:00,2026-04-17T21:50:20-07:00,0,28
global.js,13,js,56f4f39c,qichengzou,2026-04-17,21:50:20,-07:00,2026-04-17T21:50:20-07:00,0,0
global.js,14,js,56f4f39c,qichengzou,2026-04-17,21:50:20,-07:00,2026-04-17T21:50:20-07:00,0,33
global.js,15,js,56f4f39c,qichengzou,2026-04-17,21:50:20,-07:00,2026-04-17T21:50:20-07:00,0,70
global.js,16,js,56f4f39c,qichengzou,2026-04-17,21:50:20,-07:00,2026-04-17T21:50:20-07:00,0,3
global.js,17,js,56f4f39c,qichengzou,2026-04-17,21:50:20,-07:00,2026-04-17T21:50:20-07:00,0,0
global.js,18,js,56f4f39c,qichengzou,2026-04-17,21:50:20,-07:00,2026-04-17T21:50:20-07:00,0,39
global.js,19,js,56f4f39c,qichengzou,2026-04-17,21:50:20,-07:00,2026-04-17T21:50:20-07:00,0,0
global.js,20,js,56f4f39c,qichengzou,2026-04-17,21:50:20,-07:00,2026-04-17T21:50:20-07:00,0,11
global.js,21,js,56f4f39c,qichengzou,2026-04-17,21:50:20,-07:00,2026-04-17T21:50:20-07:00,1,25
global.js,22,js,56f4f39c,qichengzou,2026-04-17,21:50:20,-07:00,2026-04-17T21:50:20-07:00,1,38
global.js,23,js,56f4f39c,qichengzou,2026-04-17,21:50:20,-07:00,2026-04-17T21:50:20-07:00,1,26
global.js,24,js,56f4f39c,qichengzou,2026-04-17,21:50:20,-07:00,2026-04-17T21:50:20-07:00,1,36
global.js,25,js,56f4f39c,qichengzou,2026-04-17,21:50:20,-07:00,2026-04-17T21:50:20-07:00,1,55
global.js,26,js,56f4f39c,qichengzou,2026-04-17,21:50:20,-07:00,2026-04-17T21:50:20-07:00,0,0
global.js,27,js,56f4f39c,qichengzou,2026-04-17,21:50:20,-07:00,2026-04-17T21:50:20-07:00,0,0
global.js,28,js,56f4f39c,qichengzou,2026-04-17,21:50:20,-07:00,2026-04-17T21:50:20-07:00,0,38
global.js,29,js,56f4f39c,qichengzou,2026-04-17,21:50:20,-07:00,2026-04-17T21:50:20-07:00,0,25
global.js,30,js,56f4f39c,qichengzou,2026-04-17,21:50:20,-07:00,2026-04-17T21:50:20-07:00,0,0
global.js,31,js,56f4f39c,qichengzou,2026-04-17,21:50:20,-07:00,2026-04-17T21:50:20-07:00,0,20
global.js,32,js,56f4f39c,qichengzou,2026-04-17,21:50:20,-07:00,2026-04-17T21:50:20-07:00,1,14
global.js,33,js,56f4f39c,qichengzou,2026-04-17,21:50:20,-07:00,2026-04-17T21:50:20-07:00,1,18
global.js,34,js,56f4f39c,qichengzou,2026-04-17,21:50:20,-07:00,2026-04-17T21:50:20-07:00,0,0
global.js,35,js,56f4f39c,qichengzou,2026-04-17,21:50:20,-07:00,2026-04-17T21:50:20-07:00,1,52
global.js,36,js,56f4f39c,qichengzou,2026-04-17,21:50:20,-07:00,2026-04-17T21:50:20-07:00,0,0
global.js,37,js,56f4f39c,qichengzou,2026-04-17,21:50:20,-07:00,2026-04-17T21:50:20-07:00,1,34
global.js,38,js,56f4f39c,qichengzou,2026-04-17,21:50:20,-07:00,2026-04-17T21:50:20-07:00,1,11
global.js,39,js,56f4f39c,qichengzou,2026-04-17,21:50:20,-07:00,2026-04-17T21:50:20-07:00,1,20
global.js,40,js,56f4f39c,qichengzou,2026-04-17,21:50:20,-07:00,2026-04-17T21:50:20-07:00,0,0
global.js,41,js,56f4f39c,qichengzou,2026-04-17,21:50:20,-07:00,2026-04-17T21:50:20-07:00,1,23
global.js,42,js,56f4f39c,qichengzou,2026-04-17,21:50:20,-07:00,2026-04-17T21:50:20-07:00,1,65
global.js,43,js,56f4f39c,qichengzou,2026-04-17,21:50:20,-07:00,2026-04-17T21:50:20-07:00,2,25
global.js,44,js,56f4f39c,qichengzou,2026-04-17,21:50:20,-07:00,2026-04-17T21:50:20-07:00,1,0
global.js,45,js,56f4f39c,qichengzou,2026-04-17,21:50:20,-07:00,2026-04-17T21:50:20-07:00,0,0
global.js,46,js,56f4f39c,qichengzou,2026-04-17,21:50:20,-07:00,2026-04-17T21:50:20-07:00,1,29
global.js,47,js,56f4f39c,qichengzou,2026-04-17,21:50:20,-07:00,2026-04-17T21:50:20-07:00,2,18
global.js,48,js,56f4f39c,qichengzou,2026-04-17,21:50:20,-07:00,2026-04-17T21:50:20-07:00,1,0
global.js,49,js,56f4f39c,qichengzou,2026-04-17,21:50:20,-07:00,2026-04-17T21:50:20-07:00,0,0
global.js,50,js,56f4f39c,qichengzou,2026-04-17,21:50:20,-07:00,2026-04-17T21:50:20-07:00,1,12
global.js,51,js,56f4f39c,qichengzou,2026-04-17,21:50:20,-07:00,2026-04-17T21:50:20-07:00,0,0
global.js,52,js,56f4f39c,qichengzou,2026-04-17,21:50:20,-07:00,2026-04-17T21:50:20-07:00,0,0
global.js,53,js,56f4f39c,qichengzou,2026-04-17,21:50:20,-07:00,2026-04-17T21:50:20-07:00,0,31
global.js,54,js,56f4f39c,qichengzou,2026-04-17,21:50:20,-07:00,2026-04-17T21:50:20-07:00,1,11
global.js,55,js,56f4f39c,qichengzou,2026-04-17,21:50:20,-07:00,2026-04-17T21:50:20-07:00,1,0
global.js,56,js,56f4f39c,qichengzou,2026-04-17,21:50:20,-07:00,2026-04-17T21:50:20-07:00,1,26
global.js,57,js,56f4f39c,qichengzou,2026-04-17,21:50:20,-07:00,2026-04-17T21:50:20-07:00,2,4
global.js,58,js,56f4f39c,qichengzou,2026-04-17,21:50:20,-07:00,2026-04-17T21:50:20-07:00,2,6
global.js,59,js,56f4f39c,qichengzou,2026-04-17,21:50:20,-07:00,2026-04-17T21:50:20-07:00,3,43
global.js,60,js,56f4f39c,qichengzou,2026-04-17,21:50:20,-07:00,2026-04-17T21:50:20-07:00,3,34
global.js,61,js,56f4f39c,qichengzou,2026-04-17,21:50:20,-07:00,2026-04-17T21:50:20-07:00,3,32
global.js,62,js,56f4f39c,qichengzou,2026-04-17,21:50:20,-07:00,2026-04-17T21:50:20-07:00,2,7
global.js,63,js,56f4f39c,qichengzou,2026-04-17,21:50:20,-07:00,2026-04-17T21:50:20-07:00,1,7
global.js,64,js,56f4f39c,qichengzou,2026-04-17,21:50:20,-07:00,2026-04-17T21:50:20-07:00,0,0
global.js,65,js,56f4f39c,qichengzou,2026-04-17,21:50:20,-07:00,2026-04-17T21:50:20-07:00,0,0
global.js,66,js,56f4f39c,qichengzou,2026-04-17,21:50:20,-07:00,2026-04-17T21:50:20-07:00,0,58
global.js,67,js,56f4f39c,qichengzou,2026-04-17,21:50:20,-07:00,2026-04-17T21:50:20-07:00,0,0
global.js,68,js,56f4f39c,qichengzou,2026-04-17,21:50:20,-07:00,2026-04-17T21:50:20-07:00,0,49
global.js,69,js,56f4f39c,qichengzou,2026-04-17,21:50:20,-07:00,2026-04-17T21:50:20-07:00,1,77
global.js,70,js,56f4f39c,qichengzou,2026-04-17,21:50:20,-07:00,2026-04-17T21:50:20-07:00,1,44
global.js,71,js,56f4f39c,qichengzou,2026-04-17,21:50:20,-07:00,2026-04-17T21:50:20-07:00,0,1
global.js,72,js,56f4f39c,qichengzou,2026-04-17,21:50:20,-07:00,2026-04-17T21:50:20-07:00,0,0
global.js,73,js,56f4f39c,qichengzou,2026-04-17,21:50:20,-07:00,2026-04-17T21:50:20-07:00,0,34
global.js,74,js,56f4f39c,qichengzou,2026-04-17,21:50:20,-07:00,2026-04-17T21:50:20-07:00,1,83
global.js,75,js,56f4f39c,qichengzou,2026-04-17,21:50:20,-07:00,2026-04-17T21:50:20-07:00,1,38
global.js,76,js,51f96925,qichengzou,2026-04-24,16:46:47,-07:00,2026-04-24T16:46:47-07:00,0,0
global.js,77,js,51f96925,qichengzou,2026-04-24,16:46:47,-07:00,2026-04-24T16:46:47-07:00,0,0
global.js,78,js,51f96925,qichengzou,2026-04-24,16:46:47,-07:00,2026-04-24T16:46:47-07:00,0,8
global.js,79,js,51f96925,qichengzou,2026-04-24,16:46:47,-07:00,2026-04-24T16:46:47-07:00,0,36
global.js,80,js,51f96925,qichengzou,2026-04-24,16:46:47,-07:00,2026-04-24T16:46:47-07:00,1,3
global.js,81,js,51f96925,qichengzou,2026-04-24,16:46:47,-07:00,2026-04-24T16:46:47-07:00,2,39
global.js,82,js,51f96925,qichengzou,2026-04-24,16:46:47,-07:00,2026-04-24T16:46:47-07:00,2,32
global.js,83,js,51f96925,qichengzou,2026-04-24,16:46:47,-07:00,2026-04-24T16:46:47-07:00,2,17
global.js,84,js,51f96925,qichengzou,2026-04-24,16:46:47,-07:00,2026-04-24T16:46:47-07:00,3,66
global.js,85,js,51f96925,qichengzou,2026-04-24,16:46:47,-07:00,2026-04-24T16:46:47-07:00,2,0
global.js,86,js,51f96925,qichengzou,2026-04-24,16:46:47,-07:00,2026-04-24T16:46:47-07:00,2,33
global.js,87,js,51f96925,qichengzou,2026-04-24,16:46:47,-07:00,2026-04-24T16:46:47-07:00,2,10
global.js,88,js,51f96925,qichengzou,2026-04-24,16:46:47,-07:00,2026-04-24T16:46:47-07:00,1,15
global.js,89,js,51f96925,qichengzou,2026-04-24,16:46:47,-07:00,2026-04-24T16:46:47-07:00,2,59
global.js,90,js,51f96925,qichengzou,2026-04-24,16:46:47,-07:00,2026-04-24T16:46:47-07:00,1,0
global.js,91,js,51f96925,qichengzou,2026-04-24,16:46:47,-07:00,2026-04-24T16:46:47-07:00,0,0
global.js,92,js,51f96925,qichengzou,2026-04-24,16:46:47,-07:00,2026-04-24T16:46:47-07:00,0,0
global.js,93,js,51f96925,qichengzou,2026-04-24,16:46:47,-07:00,2026-04-24T16:46:47-07:00,0,79
global.js,94,js,51f96925,qichengzou,2026-04-24,16:46:47,-07:00,2026-04-24T16:46:47-07:00,1,22
global.js,95,js,51f96925,qichengzou,2026-04-24,16:46:47,-07:00,2026-04-24T16:46:47-07:00,2,35
global.js,96,js,51f96925,qichengzou,2026-04-24,16:46:47,-07:00,2026-04-24T16:46:47-07:00,2,5
global.js,97,js,51f96925,qichengzou,2026-04-24,16:46:47,-07:00,2026-04-24T16:46:47-07:00,1,0
global.js,98,js,51f96925,qichengzou,2026-04-24,16:46:47,-07:00,2026-04-24T16:46:47-07:00,0,0
global.js,99,js,51f96925,qichengzou,2026-04-24,16:46:47,-07:00,2026-04-24T16:46:47-07:00,1,30
global.js,100,js,51f96925,qichengzou,2026-04-24,16:46:47,-07:00,2026-04-24T16:46:47-07:00,0,0
global.js,101,js,51f96925,qichengzou,2026-04-24,16:46:47,-07:00,2026-04-24T16:46:47-07:00,1,27
global.js,102,js,51f96925,qichengzou,2026-04-24,16:46:47,-07:00,2026-04-24T16:46:47-07:00,2,48
global.js,103,js,51f96925,qichengzou,2026-04-24,16:46:47,-07:00,2026-04-24T16:46:47-07:00,0,0
global.js,104,js,51f96925,qichengzou,2026-04-24,16:46:47,-07:00,2026-04-24T16:46:47-07:00,2,19
global.js,105,js,34737f4a,qichengzou,2026-05-01,18:25:07,-07:00,2026-05-01T18:25:07-07:00,3,23
global.js,106,js,34737f4a,qichengzou,2026-05-01,18:25:07,-07:00,2026-05-01T18:25:07-07:00,3,35
global.js,107,js,51f96925,qichengzou,2026-04-24,16:46:47,-07:00,2026-04-24T16:46:47-07:00,3,27
global.js,108,js,34737f4a,qichengzou,2026-05-01,18:25:07,-07:00,2026-05-01T18:25:07-07:00,3,41
global.js,109,js,51f96925,qichengzou,2026-04-24,16:46:47,-07:00,2026-04-24T16:46:47-07:00,2,0
global.js,110,js,51f96925,qichengzou,2026-04-24,16:46:47,-07:00,2026-04-24T16:46:47-07:00,0,0
global.js,111,js,51f96925,qichengzou,2026-04-24,16:46:47,-07:00,2026-04-24T16:46:47-07:00,2,36
global.js,112,js,51f96925,qichengzou,2026-04-24,16:46:47,-07:00,2026-04-24T16:46:47-07:00,1,1
global.js,113,js,51f96925,qichengzou,2026-04-24,16:46:47,-07:00,2026-04-24T16:46:47-07:00,0,0
global.js,114,js,51f96925,qichengzou,2026-04-24,16:46:47,-07:00,2026-04-24T16:46:47-07:00,0,0
global.js,115,js,51f96925,qichengzou,2026-04-24,16:46:47,-07:00,2026-04-24T16:46:47-07:00,0,6
global.js,116,js,51f96925,qichengzou,2026-04-24,16:46:47,-07:00,2026-04-24T16:46:47-07:00,0,47
global.js,117,js,51f96925,qichengzou,2026-04-24,16:46:47,-07:00,2026-04-24T16:46:47-07:00,1,59
global.js,118,js,56f4f39c,qichengzou,2026-04-17,21:50:20,-07:00,2026-04-17T21:50:20-07:00,0,0
projects/projects.js,1,js,34737f4a,qichengzou,2026-05-01,18:25:07,-07:00,2026-05-01T18:25:07-07:00,0,63
projects/projects.js,2,js,51f96925,qichengzou,2026-04-24,16:46:47,-07:00,2026-04-24T16:46:47-07:00,0,55
projects/projects.js,3,js,51f96925,qichengzou,2026-04-24,16:46:47,-07:00,2026-04-24T16:46:47-07:00,0,0
projects/projects.js,4,js,51f96925,qichengzou,2026-04-24,16:46:47,-07:00,2026-04-24T16:46:47-07:00,0,55
projects/projects.js,5,js,51f96925,qichengzou,2026-04-24,16:46:47,-07:00,2026-04-24T16:46:47-07:00,0,0
projects/projects.js,6,js,51f96925,qichengzou,2026-04-24,16:46:47,-07:00,2026-04-24T16:46:47-07:00,0,60
projects/projects.js,7,js,51f96925,qichengzou,2026-04-24,16:46:47,-07:00,2026-04-24T16:46:47-07:00,0,0
projects/projects.js,8,js,51f96925,qichengzou,2026-04-24,16:46:47,-07:00,2026-04-24T16:46:47-07:00,0,54
projects/projects.js,9,js,51f96925,qichengzou,2026-04-24,16:46:47,-07:00,2026-04-24T16:46:47-07:00,0,0
projects/projects.js,10,js,51f96925,qichengzou,2026-04-24,16:46:47,-07:00,2026-04-24T16:46:47-07:00,0,10
projects/projects.js,11,js,51f96925,qichengzou,2026-04-24,16:46:47,-07:00,2026-04-24T16:46:47-07:00,1,48
projects/projects.js,12,js,34737f4a,qichengzou,2026-05-01,18:25:07,-07:00,2026-05-01T18:25:07-07:00,0,0
projects/projects.js,13,js,34737f4a,qichengzou,2026-05-01,18:25:07,-07:00,2026-05-01T18:25:07-07:00,0,0
projects/projects.js,14,js,34737f4a,qichengzou,2026-05-01,18:25:07,-07:00,2026-05-01T18:25:07-07:00,0,13
projects/projects.js,15,js,34737f4a,qichengzou,2026-05-01,18:25:07,-07:00,2026-05-01T18:25:07-07:00,0,22
projects/projects.js,16,js,34737f4a,qichengzou,2026-05-01,18:25:07,-07:00,2026-05-01T18:25:07-07:00,0,0
projects/projects.js,17,js,34737f4a,qichengzou,2026-05-01,18:25:07,-07:00,2026-05-01T18:25:07-07:00,0,53
projects/projects.js,18,js,34737f4a,qichengzou,2026-05-01,18:25:07,-07:00,2026-05-01T18:25:07-07:00,0,0
projects/projects.js,19,js,34737f4a,qichengzou,2026-05-01,18:25:07,-07:00,2026-05-01T18:25:07-07:00,0,0
projects/projects.js,20,js,34737f4a,qichengzou,2026-05-01,18:25:07,-07:00,2026-05-01T18:25:07-07:00,0,48
projects/projects.js,21,js,34737f4a,qichengzou,2026-05-01,18:25:07,-07:00,2026-05-01T18:25:07-07:00,0,23
projects/projects.js,22,js,34737f4a,qichengzou,2026-05-01,18:25:07,-07:00,2026-05-01T18:25:07-07:00,0,0
projects/projects.js,23,js,34737f4a,qichengzou,2026-05-01,18:25:07,-07:00,2026-05-01T18:25:07-07:00,0,0
projects/projects.js,24,js,34737f4a,qichengzou,2026-05-01,18:25:07,-07:00,2026-05-01T18:25:07-07:00,0,30
projects/projects.js,25,js,34737f4a,qichengzou,2026-05-01,18:25:07,-07:00,2026-05-01T18:25:07-07:00,1,35
projects/projects.js,26,js,34737f4a,qichengzou,2026-05-01,18:25:07,-07:00,2026-05-01T18:25:07-07:00,2,59
projects/projects.js,27,js,34737f4a,qichengzou,2026-05-01,18:25:07,-07:00,2026-05-01T18:25:07-07:00,2,54
projects/projects.js,28,js,34737f4a,qichengzou,2026-05-01,18:25:07,-07:00,2026-05-01T18:25:07-07:00,0,0
projects/projects.js,29,js,34737f4a,qichengzou,2026-05-01,18:25:07,-07:00,2026-05-01T18:25:07-07:00,2,15
projects/projects.js,30,js,34737f4a,qichengzou,2026-05-01,18:25:07,-07:00,2026-05-01T18:25:07-07:00,3,69
projects/projects.js,31,js,34737f4a,qichengzou,2026-05-01,18:25:07,-07:00,2026-05-01T18:25:07-07:00,0,0
projects/projects.js,32,js,34737f4a,qichengzou,2026-05-01,18:25:07,-07:00,2026-05-01T18:25:07-07:00,2,33
projects/projects.js,33,js,34737f4a,qichengzou,2026-05-01,18:25:07,-07:00,2026-05-01T18:25:07-07:00,1,1
projects/projects.js,34,js,34737f4a,qichengzou,2026-05-01,18:25:07,-07:00,2026-05-01T18:25:07-07:00,0,0
projects/projects.js,35,js,34737f4a,qichengzou,2026-05-01,18:25:07,-07:00,2026-05-01T18:25:07-07:00,0,0
projects/projects.js,36,js,34737f4a,qichengzou,2026-05-01,18:25:07,-07:00,2026-05-01T18:25:07-07:00,0,48
projects/projects.js,37,js,34737f4a,qichengzou,2026-05-01,18:25:07,-07:00,2026-05-01T18:25:07-07:00,1,25
projects/projects.js,38,js,34737f4a,qichengzou,2026-05-01,18:25:07,-07:00,2026-05-01T18:25:07-07:00,0,0
projects/projects.js,39,js,34737f4a,qichengzou,2026-05-01,18:25:07,-07:00,2026-05-01T18:25:07-07:00,1,43
projects/projects.js,40,js,34737f4a,qichengzou,2026-05-01,18:25:07,-07:00,2026-05-01T18:25:07-07:00,0,0
projects/projects.js,41,js,34737f4a,qichengzou,2026-05-01,18:25:07,-07:00,2026-05-01T18:25:07-07:00,1,56
projects/projects.js,42,js,34737f4a,qichengzou,2026-05-01,18:25:07,-07:00,2026-05-01T18:25:07-07:00,0,0
projects/projects.js,43,js,34737f4a,qichengzou,2026-05-01,18:25:07,-07:00,2026-05-01T18:25:07-07:00,1,58
projects/projects.js,44,js,34737f4a,qichengzou,2026-05-01,18:25:07,-07:00,2026-05-01T18:25:07-07:00,1,53
projects/projects.js,45,js,34737f4a,qichengzou,2026-05-01,18:25:07,-07:00,2026-05-01T18:25:07-07:00,2,59
projects/projects.js,46,js,34737f4a,qichengzou,2026-05-01,18:25:07,-07:00,2026-05-01T18:25:07-07:00,2,42
projects/projects.js,47,js,34737f4a,qichengzou,2026-05-01,18:25:07,-07:00,2026-05-01T18:25:07-07:00,1,1
projects/projects.js,48,js,34737f4a,qichengzou,2026-05-01,18:25:07,-07:00,2026-05-01T18:25:07-07:00,0,0
projects/projects.js,49,js,34737f4a,qichengzou,2026-05-01,18:25:07,-07:00,2026-05-01T18:25:07-07:00,1,33
projects/projects.js,50,js,34737f4a,qichengzou,2026-05-01,18:25:07,-07:00,2026-05-01T18:25:07-07:00,0,1
projects/projects.js,51,js,34737f4a,qichengzou,2026-05-01,18:25:07,-07:00,2026-05-01T18:25:07-07:00,0,0
projects/projects.js,52,js,34737f4a,qichengzou,2026-05-01,18:25:07,-07:00,2026-05-01T18:25:07-07:00,0,38
projects/projects.js,53,js,34737f4a,qichengzou,2026-05-01,18:25:07,-07:00,2026-05-01T18:25:07-07:00,1,26
projects/projects.js,54,js,34737f4a,qichengzou,2026-05-01,18:25:07,-07:00,2026-05-01T18:25:07-07:00,2,12
projects/projects.js,55,js,34737f4a,qichengzou,2026-05-01,18:25:07,-07:00,2026-05-01T18:25:07-07:00,2,14
projects/projects.js,56,js,34737f4a,qichengzou,2026-05-01,18:25:07,-07:00,2026-05-01T18:25:07-07:00,2,11
projects/projects.js,57,js,34737f4a,qichengzou,2026-05-01,18:25:07,-07:00,2026-05-01T18:25:07-07:00,1,0
projects/projects.js,58,js,34737f4a,qichengzou,2026-05-01,18:25:07,-07:00,2026-05-01T18:25:07-07:00,0,0
projects/projects.js,59,js,34737f4a,qichengzou,2026-05-01,18:25:07,-07:00,2026-05-01T18:25:07-07:00,1,44
projects/projects.js,60,js,34737f4a,qichengzou,2026-05-01,18:25:07,-07:00,2026-05-01T18:25:07-07:00,2,35
projects/projects.js,61,js,34737f4a,qichengzou,2026-05-01,18:25:07,-07:00,2026-05-01T18:25:07-07:00,1,1
projects/projects.js,62,js,34737f4a,qichengzou,2026-05-01,18:25:07,-07:00,2026-05-01T18:25:07-07:00,0,0
projects/projects.js,63,js,34737f4a,qichengzou,2026-05-01,18:25:07,-07:00,2026-05-01T18:25:07-07:00,1,82
projects/projects.js,64,js,34737f4a,qichengzou,2026-05-01,18:25:07,-07:00,2026-05-01T18:25:07-07:00,0,0
projects/projects.js,65,js,34737f4a,qichengzou,2026-05-01,18:25:07,-07:00,2026-05-01T18:25:07-07:00,1,57
projects/projects.js,66,js,34737f4a,qichengzou,2026-05-01,18:25:07,-07:00,2026-05-01T18:25:07-07:00,1,50
projects/projects.js,67,js,34737f4a,qichengzou,2026-05-01,18:25:07,-07:00,2026-05-01T18:25:07-07:00,0,0
projects/projects.js,68,js,34737f4a,qichengzou,2026-05-01,18:25:07,-07:00,2026-05-01T18:25:07-07:00,1,33
projects/projects.js,69,js,34737f4a,qichengzou,2026-05-01,18:25:07,-07:00,2026-05-01T18:25:07-07:00,1,45
projects/projects.js,70,js,34737f4a,qichengzou,2026-05-01,18:25:07,-07:00,2026-05-01T18:25:07-07:00,0,0
projects/projects.js,71,js,34737f4a,qichengzou,2026-05-01,18:25:07,-07:00,2026-05-01T18:25:07-07:00,1,47
projects/projects.js,72,js,34737f4a,qichengzou,2026-05-01,18:25:07,-07:00,2026-05-01T18:25:07-07:00,0,0
projects/projects.js,73,js,34737f4a,qichengzou,2026-05-01,18:25:07,-07:00,2026-05-01T18:25:07-07:00,1,40
projects/projects.js,74,js,34737f4a,qichengzou,2026-05-01,18:25:07,-07:00,2026-05-01T18:25:07-07:00,1,29
projects/projects.js,75,js,34737f4a,qichengzou,2026-05-01,18:25:07,-07:00,2026-05-01T18:25:07-07:00,0,0
projects/projects.js,76,js,34737f4a,qichengzou,2026-05-01,18:25:07,-07:00,2026-05-01T18:25:07-07:00,1,32
projects/projects.js,77,js,34737f4a,qichengzou,2026-05-01,18:25:07,-07:00,2026-05-01T18:25:07-07:00,1,30
projects/projects.js,78,js,34737f4a,qichengzou,2026-05-01,18:25:07,-07:00,2026-05-01T18:25:07-07:00,0,0
projects/projects.js,79,js,34737f4a,qichengzou,2026-05-01,18:25:07,-07:00,2026-05-01T18:25:07-07:00,1,26
projects/projects.js,80,js,34737f4a,qichengzou,2026-05-01,18:25:07,-07:00,2026-05-01T18:25:07-07:00,2,1
projects/projects.js,81,js,34737f4a,qichengzou,2026-05-01,18:25:07,-07:00,2026-05-01T18:25:07-07:00,3,13
projects/projects.js,82,js,34737f4a,qichengzou,2026-05-01,18:25:07,-07:00,2026-05-01T18:25:07-07:00,3,13
projects/projects.js,83,js,34737f4a,qichengzou,2026-05-01,18:25:07,-07:00,2026-05-01T18:25:07-07:00,3,24
projects/projects.js,84,js,34737f4a,qichengzou,2026-05-01,18:25:07,-07:00,2026-05-01T18:25:07-07:00,3,53
projects/projects.js,85,js,34737f4a,qichengzou,2026-05-01,18:25:07,-07:00,2026-05-01T18:25:07-07:00,3,18
projects/projects.js,86,js,34737f4a,qichengzou,2026-05-01,18:25:07,-07:00,2026-05-01T18:25:07-07:00,4,32
projects/projects.js,87,js,34737f4a,qichengzou,2026-05-01,18:25:07,-07:00,2026-05-01T18:25:07-07:00,0,0
projects/projects.js,88,js,34737f4a,qichengzou,2026-05-01,18:25:07,-07:00,2026-05-01T18:25:07-07:00,4,12
projects/projects.js,89,js,34737f4a,qichengzou,2026-05-01,18:25:07,-07:00,2026-05-01T18:25:07-07:00,5,64
projects/projects.js,90,js,34737f4a,qichengzou,2026-05-01,18:25:07,-07:00,2026-05-01T18:25:07-07:00,0,0
projects/projects.js,91,js,34737f4a,qichengzou,2026-05-01,18:25:07,-07:00,2026-05-01T18:25:07-07:00,4,43
projects/projects.js,92,js,34737f4a,qichengzou,2026-05-01,18:25:07,-07:00,2026-05-01T18:25:07-07:00,4,56
projects/projects.js,93,js,34737f4a,qichengzou,2026-05-01,18:25:07,-07:00,2026-05-01T18:25:07-07:00,0,0
projects/projects.js,94,js,34737f4a,qichengzou,2026-05-01,18:25:07,-07:00,2026-05-01T18:25:07-07:00,4,28
projects/projects.js,95,js,34737f4a,qichengzou,2026-05-01,18:25:07,-07:00,2026-05-01T18:25:07-07:00,3,1
projects/projects.js,96,js,34737f4a,qichengzou,2026-05-01,18:25:07,-07:00,2026-05-01T18:25:07-07:00,1,1
projects/projects.js,97,js,34737f4a,qichengzou,2026-05-01,18:25:07,-07:00,2026-05-01T18:25:07-07:00,0,0
projects/projects.js,98,js,34737f4a,qichengzou,2026-05-01,18:25:07,-07:00,2026-05-01T18:25:07-07:00,1,24
projects/projects.js,99,js,34737f4a,qichengzou,2026-05-01,18:25:07,-07:00,2026-05-01T18:25:07-07:00,2,4
projects/projects.js,100,js,34737f4a,qichengzou,2026-05-01,18:25:07,-07:00,2026-05-01T18:25:07-07:00,3,11
projects/projects.js,101,js,34737f4a,qichengzou,2026-05-01,18:25:07,-07:00,2026-05-01T18:25:07-07:00,3,38
projects/projects.js,102,js,34737f4a,qichengzou,2026-05-01,18:25:07,-07:00,2026-05-01T18:25:07-07:00,3,53
projects/projects.js,103,js,34737f4a,qichengzou,2026-05-01,18:25:07,-07:00,2026-05-01T18:25:07-07:00,3,69
projects/projects.js,104,js,34737f4a,qichengzou,2026-05-01,18:25:07,-07:00,2026-05-01T18:25:07-07:00,1,1
projects/projects.js,105,js,34737f4a,qichengzou,2026-05-01,18:25:07,-07:00,2026-05-01T18:25:07-07:00,0,0
projects/projects.js,106,js,34737f4a,qichengzou,2026-05-01,18:25:07,-07:00,2026-05-01T18:25:07-07:00,0,0
projects/index.html,1,html,f339345a,qichengzou,2026-04-02,21:16:16,-07:00,2026-04-02T21:16:16-07:00,0,13
projects/index.html,2,html,f339345a,qichengzou,2026-04-02,21:16:16,-07:00,2026-04-02T21:16:16-07:00,0,14
projects/index.html,3,html,8b10eae2,qichengzou,2026-04-02,21:02:07,-07:00,2026-04-02T21:02:07-07:00,0,4
projects/index.html,4,html,f071f273,qichengzou,2026-04-10,21:01:42,-07:00,2026-04-10T21:01:42-07:00,2,20
projects/index.html,5,html,f071f273,qichengzou,2026-04-10,21:01:42,-07:00,2026-04-10T21:01:42-07:00,2,68
projects/index.html,6,html,8b10eae2,qichengzou,2026-04-02,21:02:07,-07:00,2026-04-02T21:02:07-07:00,2,41
projects/index.html,7,html,56f4f39c,qichengzou,2026-04-17,21:50:20,-07:00,2026-04-17T21:50:20-07:00,2,48
projects/index.html,8,html,51f96925,qichengzou,2026-04-24,16:46:47,-07:00,2026-04-24T16:46:47-07:00,2,48
projects/index.html,9,html,51f96925,qichengzou,2026-04-24,16:46:47,-07:00,2026-04-24T16:46:47-07:00,2,47
projects/index.html,10,html,0df3fdcc,qichengzou,2026-04-02,21:11:15,-07:00,2026-04-02T21:11:15-07:00,2,21
projects/index.html,11,html,8b10eae2,qichengzou,2026-04-02,21:02:07,-07:00,2026-04-02T21:02:07-07:00,0,5
projects/index.html,12,html,34737f4a,qichengzou,2026-05-01,18:25:07,-07:00,2026-05-01T18:25:07-07:00,0,4
projects/index.html,13,html,51f96925,qichengzou,2026-04-24,16:46:47,-07:00,2026-04-24T16:46:47-07:00,2,30
projects/index.html,14,html,34737f4a,qichengzou,2026-05-01,18:25:07,-07:00,2026-05-01T18:25:07-07:00,0,0
projects/index.html,15,html,34737f4a,qichengzou,2026-05-01,18:25:07,-07:00,2026-05-01T18:25:07-07:00,2,27
projects/index.html,16,html,34737f4a,qichengzou,2026-05-01,18:25:07,-07:00,2026-05-01T18:25:07-07:00,4,58
projects/index.html,17,html,34737f4a,qichengzou,2026-05-01,18:25:07,-07:00,2026-05-01T18:25:07-07:00,4,22
projects/index.html,18,html,34737f4a,qichengzou,2026-05-01,18:25:07,-07:00,2026-05-01T18:25:07-07:00,2,4
projects/index.html,19,html,34737f4a,qichengzou,2026-05-01,18:25:07,-07:00,2026-05-01T18:25:07-07:00,0,0
projects/index.html,20,html,34737f4a,qichengzou,2026-05-01,18:25:07,-07:00,2026-05-01T18:25:07-07:00,2,4
projects/index.html,21,html,34737f4a,qichengzou,2026-05-01,18:25:07,-07:00,2026-05-01T18:25:07-07:00,2,15
projects/index.html,22,html,34737f4a,qichengzou,2026-05-01,18:25:07,-07:00,2026-05-01T18:25:07-07:00,2,11
projects/index.html,23,html,34737f4a,qichengzou,2026-05-01,18:25:07,-07:00,2026-05-01T18:25:07-07:00,2,26
projects/index.html,24,html,34737f4a,qichengzou,2026-05-01,18:25:07,-07:00,2026-05-01T18:25:07-07:00,2,31
projects/index.html,25,html,34737f4a,qichengzou,2026-05-01,18:25:07,-07:00,2026-05-01T18:25:07-07:00,2,0
projects/index.html,26,html,34737f4a,qichengzou,2026-05-01,18:25:07,-07:00,2026-05-01T18:25:07-07:00,0,0
projects/index.html,27,html,e83b2e8c,qichengzou,2026-04-10,20:51:39,-07:00,2026-04-10T20:51:39-07:00,2,20
projects/index.html,28,html,51f96925,qichengzou,2026-04-24,16:46:47,-07:00,2026-04-24T16:46:47-07:00,4,12
projects/index.html,29,html,e83b2e8c,qichengzou,2026-04-10,20:51:39,-07:00,2026-04-10T20:51:39-07:00,6,29
projects/index.html,30,html,e83b2e8c,qichengzou,2026-04-10,20:51:39,-07:00,2026-04-10T20:51:39-07:00,6,70
projects/index.html,31,html,e83b2e8c,qichengzou,2026-04-10,20:51:39,-07:00,2026-04-10T20:51:39-07:00,6,224
projects/index.html,32,html,e83b2e8c,qichengzou,2026-04-10,20:51:39,-07:00,2026-04-10T20:51:39-07:00,4,8
projects/index.html,33,html,e83b2e8c,qichengzou,2026-04-10,20:51:39,-07:00,2026-04-10T20:51:39-07:00,4,7
projects/index.html,34,html,e83b2e8c,qichengzou,2026-04-10,20:51:39,-07:00,2026-04-10T20:51:39-07:00,6,36
projects/index.html,35,html,e83b2e8c,qichengzou,2026-04-10,20:51:39,-07:00,2026-04-10T20:51:39-07:00,6,70
projects/index.html,36,html,e83b2e8c,qichengzou,2026-04-10,20:51:39,-07:00,2026-04-10T20:51:39-07:00,6,250
projects/index.html,37,html,e83b2e8c,qichengzou,2026-04-10,20:51:39,-07:00,2026-04-10T20:51:39-07:00,4,8
projects/index.html,38,html,e83b2e8c,qichengzou,2026-04-10,20:51:39,-07:00,2026-04-10T20:51:39-07:00,4,7
projects/index.html,39,html,e83b2e8c,qichengzou,2026-04-10,20:51:39,-07:00,2026-04-10T20:51:39-07:00,6,42
projects/index.html,40,html,e83b2e8c,qichengzou,2026-04-10,20:51:39,-07:00,2026-04-10T20:51:39-07:00,6,70
projects/index.html,41,html,e83b2e8c,qichengzou,2026-04-10,20:51:39,-07:00,2026-04-10T20:51:39-07:00,6,237
projects/index.html,42,html,e83b2e8c,qichengzou,2026-04-10,20:51:39,-07:00,2026-04-10T20:51:39-07:00,4,8
projects/index.html,43,html,e83b2e8c,qichengzou,2026-04-10,20:51:39,-07:00,2026-04-10T20:51:39-07:00,4,7
projects/index.html,44,html,e83b2e8c,qichengzou,2026-04-10,20:51:39,-07:00,2026-04-10T20:51:39-07:00,6,45
projects/index.html,45,html,e83b2e8c,qichengzou,2026-04-10,20:51:39,-07:00,2026-04-10T20:51:39-07:00,6,70
projects/index.html,46,html,e83b2e8c,qichengzou,2026-04-10,20:51:39,-07:00,2026-04-10T20:51:39-07:00,6,236
projects/index.html,47,html,e83b2e8c,qichengzou,2026-04-10,20:51:39,-07:00,2026-04-10T20:51:39-07:00,4,8
projects/index.html,48,html,e83b2e8c,qichengzou,2026-04-10,20:51:39,-07:00,2026-04-10T20:51:39-07:00,4,7
projects/index.html,49,html,e83b2e8c,qichengzou,2026-04-10,20:51:39,-07:00,2026-04-10T20:51:39-07:00,6,49
projects/index.html,50,html,e83b2e8c,qichengzou,2026-04-10,20:51:39,-07:00,2026-04-10T20:51:39-07:00,6,70
projects/index.html,51,html,e83b2e8c,qichengzou,2026-04-10,20:51:39,-07:00,2026-04-10T20:51:39-07:00,6,228
projects/index.html,52,html,e83b2e8c,qichengzou,2026-04-10,20:51:39,-07:00,2026-04-10T20:51:39-07:00,4,8
projects/index.html,53,html,e83b2e8c,qichengzou,2026-04-10,20:51:39,-07:00,2026-04-10T20:51:39-07:00,4,7
projects/index.html,54,html,e83b2e8c,qichengzou,2026-04-10,20:51:39,-07:00,2026-04-10T20:51:39-07:00,6,41
projects/index.html,55,html,e83b2e8c,qichengzou,2026-04-10,20:51:39,-07:00,2026-04-10T20:51:39-07:00,6,70
projects/index.html,56,html,e83b2e8c,qichengzou,2026-04-10,20:51:39,-07:00,2026-04-10T20:51:39-07:00,6,205
projects/index.html,57,html,e83b2e8c,qichengzou,2026-04-10,20:51:39,-07:00,2026-04-10T20:51:39-07:00,4,8
projects/index.html,58,html,e83b2e8c,qichengzou,2026-04-10,20:51:39,-07:00,2026-04-10T20:51:39-07:00,4,7
projects/index.html,59,html,e83b2e8c,qichengzou,2026-04-10,20:51:39,-07:00,2026-04-10T20:51:39-07:00,6,31
projects/index.html,60,html,e83b2e8c,qichengzou,2026-04-10,20:51:39,-07:00,2026-04-10T20:51:39-07:00,6,70
projects/index.html,61,html,e83b2e8c,qichengzou,2026-04-10,20:51:39,-07:00,2026-04-10T20:51:39-07:00,6,234
projects/index.html,62,html,e83b2e8c,qichengzou,2026-04-10,20:51:39,-07:00,2026-04-10T20:51:39-07:00,4,8
projects/index.html,63,html,e83b2e8c,qichengzou,2026-04-10,20:51:39,-07:00,2026-04-10T20:51:39-07:00,4,7
projects/index.html,64,html,e83b2e8c,qichengzou,2026-04-10,20:51:39,-07:00,2026-04-10T20:51:39-07:00,6,30
projects/index.html,65,html,e83b2e8c,qichengzou,2026-04-10,20:51:39,-07:00,2026-04-10T20:51:39-07:00,6,70
projects/index.html,66,html,e83b2e8c,qichengzou,2026-04-10,20:51:39,-07:00,2026-04-10T20:51:39-07:00,6,215
projects/index.html,67,html,e83b2e8c,qichengzou,2026-04-10,20:51:39,-07:00,2026-04-10T20:51:39-07:00,4,8
projects/index.html,68,html,e83b2e8c,qichengzou,2026-04-10,20:51:39,-07:00,2026-04-10T20:51:39-07:00,4,7
projects/index.html,69,html,e83b2e8c,qichengzou,2026-04-10,20:51:39,-07:00,2026-04-10T20:51:39-07:00,6,45
projects/index.html,70,html,e83b2e8c,qichengzou,2026-04-10,20:51:39,-07:00,2026-04-10T20:51:39-07:00,6,70
projects/index.html,71,html,e83b2e8c,qichengzou,2026-04-10,20:51:39,-07:00,2026-04-10T20:51:39-07:00,6,220
projects/index.html,72,html,e83b2e8c,qichengzou,2026-04-10,20:51:39,-07:00,2026-04-10T20:51:39-07:00,4,8
projects/index.html,73,html,e83b2e8c,qichengzou,2026-04-10,20:51:39,-07:00,2026-04-10T20:51:39-07:00,4,7
projects/index.html,74,html,e83b2e8c,qichengzou,2026-04-10,20:51:39,-07:00,2026-04-10T20:51:39-07:00,6,37
projects/index.html,75,html,e83b2e8c,qichengzou,2026-04-10,20:51:39,-07:00,2026-04-10T20:51:39-07:00,6,70
projects/index.html,76,html,e83b2e8c,qichengzou,2026-04-10,20:51:39,-07:00,2026-04-10T20:51:39-07:00,6,241
projects/index.html,77,html,e83b2e8c,qichengzou,2026-04-10,20:51:39,-07:00,2026-04-10T20:51:39-07:00,4,8
projects/index.html,78,html,e83b2e8c,qichengzou,2026-04-10,20:51:39,-07:00,2026-04-10T20:51:39-07:00,4,7
projects/index.html,79,html,e83b2e8c,qichengzou,2026-04-10,20:51:39,-07:00,2026-04-10T20:51:39-07:00,6,39
projects/index.html,80,html,e83b2e8c,qichengzou,2026-04-10,20:51:39,-07:00,2026-04-10T20:51:39-07:00,6,70
projects/index.html,81,html,e83b2e8c,qichengzou,2026-04-10,20:51:39,-07:00,2026-04-10T20:51:39-07:00,6,241
projects/index.html,82,html,e83b2e8c,qichengzou,2026-04-10,20:51:39,-07:00,2026-04-10T20:51:39-07:00,4,8
projects/index.html,83,html,e83b2e8c,qichengzou,2026-04-10,20:51:39,-07:00,2026-04-10T20:51:39-07:00,4,7
projects/index.html,84,html,e83b2e8c,qichengzou,2026-04-10,20:51:39,-07:00,2026-04-10T20:51:39-07:00,6,31
projects/index.html,85,html,e83b2e8c,qichengzou,2026-04-10,20:51:39,-07:00,2026-04-10T20:51:39-07:00,6,70
projects/index.html,86,html,e83b2e8c,qichengzou,2026-04-10,20:51:39,-07:00,2026-04-10T20:51:39-07:00,6,240
projects/index.html,87,html,51f96925,qichengzou,2026-04-24,16:46:47,-07:00,2026-04-24T16:46:47-07:00,4,12
projects/index.html,88,html,e83b2e8c,qichengzou,2026-04-10,20:51:39,-07:00,2026-04-10T20:51:39-07:00,2,4
projects/index.html,89,html,f339345a,qichengzou,2026-04-02,21:16:16,-07:00,2026-04-02T21:16:16-07:00,0,5
projects/index.html,90,html,51f96925,qichengzou,2026-04-24,16:46:47,-07:00,2026-04-24T16:46:47-07:00,0,5
cv/index.html,1,html,f339345a,qichengzou,2026-04-02,21:16:16,-07:00,2026-04-02T21:16:16-07:00,0,13
cv/index.html,2,html,f339345a,qichengzou,2026-04-02,21:16:16,-07:00,2026-04-02T21:16:16-07:00,0,14
cv/index.html,3,html,0671484c,qichengzou,2026-04-02,16:01:00,-07:00,2026-04-02T16:01:00-07:00,0,4
cv/index.html,4,html,f071f273,qichengzou,2026-04-10,21:01:42,-07:00,2026-04-10T21:01:42-07:00,2,20
cv/index.html,5,html,f071f273,qichengzou,2026-04-10,21:01:42,-07:00,2026-04-10T21:01:42-07:00,2,68
cv/index.html,6,html,8b10eae2,qichengzou,2026-04-02,21:02:07,-07:00,2026-04-02T21:02:07-07:00,2,41
cv/index.html,7,html,56f4f39c,qichengzou,2026-04-17,21:50:20,-07:00,2026-04-17T21:50:20-07:00,2,48
cv/index.html,8,html,0df3fdcc,qichengzou,2026-04-02,21:11:15,-07:00,2026-04-02T21:11:15-07:00,2,22
cv/index.html,9,html,0671484c,qichengzou,2026-04-02,16:01:00,-07:00,2026-04-02T16:01:00-07:00,0,5
cv/index.html,10,html,f750a62d,qichengzou,2026-04-02,15:21:40,-07:00,2026-04-02T15:21:40-07:00,0,4
cv/index.html,11,html,f750a62d,qichengzou,2026-04-02,15:21:40,-07:00,2026-04-02T15:21:40-07:00,2,6
cv/index.html,12,html,f750a62d,qichengzou,2026-04-02,15:21:40,-07:00,2026-04-02T15:21:40-07:00,4,18
cv/index.html,13,html,f750a62d,qichengzou,2026-04-02,15:21:40,-07:00,2026-04-02T15:21:40-07:00,4,1
cv/index.html,14,html,f750a62d,qichengzou,2026-04-02,15:21:40,-07:00,2026-04-02T15:21:40-07:00,6,52
cv/index.html,15,html,f750a62d,qichengzou,2026-04-02,15:21:40,-07:00,2026-04-02T15:21:40-07:00,6,55
cv/index.html,16,html,f750a62d,qichengzou,2026-04-02,15:21:40,-07:00,2026-04-02T15:21:40-07:00,4,2
cv/index.html,17,html,f750a62d,qichengzou,2026-04-02,15:21:40,-07:00,2026-04-02T15:21:40-07:00,2,7
cv/index.html,18,html,f750a62d,qichengzou,2026-04-02,15:21:40,-07:00,2026-04-02T15:21:40-07:00,0,0
cv/index.html,19,html,f750a62d,qichengzou,2026-04-02,15:21:40,-07:00,2026-04-02T15:21:40-07:00,2,7
cv/index.html,20,html,f750a62d,qichengzou,2026-04-02,15:21:40,-07:00,2026-04-02T15:21:40-07:00,4,13
cv/index.html,21,html,f750a62d,qichengzou,2026-04-02,15:21:40,-07:00,2026-04-02T15:21:40-07:00,4,7
cv/index.html,22,html,f750a62d,qichengzou,2026-04-02,15:21:40,-07:00,2026-04-02T15:21:40-07:00,6,50
cv/index.html,23,html,f750a62d,qichengzou,2026-04-02,15:21:40,-07:00,2026-04-02T15:21:40-07:00,6,146
cv/index.html,24,html,f750a62d,qichengzou,2026-04-02,15:21:40,-07:00,2026-04-02T15:21:40-07:00,6,64
cv/index.html,25,html,f750a62d,qichengzou,2026-04-02,15:21:40,-07:00,2026-04-02T15:21:40-07:00,6,55
cv/index.html,26,html,f750a62d,qichengzou,2026-04-02,15:21:40,-07:00,2026-04-02T15:21:40-07:00,4,8
cv/index.html,27,html,f750a62d,qichengzou,2026-04-02,15:21:40,-07:00,2026-04-02T15:21:40-07:00,2,8
cv/index.html,28,html,f750a62d,qichengzou,2026-04-02,15:21:40,-07:00,2026-04-02T15:21:40-07:00,0,0
cv/index.html,29,html,f750a62d,qichengzou,2026-04-02,15:21:40,-07:00,2026-04-02T15:21:40-07:00,2,7
cv/index.html,30,html,f750a62d,qichengzou,2026-04-02,15:21:40,-07:00,2026-04-02T15:21:40-07:00,4,16
cv/index.html,31,html,f750a62d,qichengzou,2026-04-02,15:21:40,-07:00,2026-04-02T15:21:40-07:00,4,7
cv/index.html,32,html,f750a62d,qichengzou,2026-04-02,15:21:40,-07:00,2026-04-02T15:21:40-07:00,6,6
cv/index.html,33,html,f750a62d,qichengzou,2026-04-02,15:21:40,-07:00,2026-04-02T15:21:40-07:00,8,42
cv/index.html,34,html,f750a62d,qichengzou,2026-04-02,15:21:40,-07:00,2026-04-02T15:21:40-07:00,8,88
cv/index.html,35,html,f750a62d,qichengzou,2026-04-02,15:21:40,-07:00,2026-04-02T15:21:40-07:00,6,7
cv/index.html,36,html,f750a62d,qichengzou,2026-04-02,15:21:40,-07:00,2026-04-02T15:21:40-07:00,6,27
cv/index.html,37,html,f750a62d,qichengzou,2026-04-02,15:21:40,-07:00,2026-04-02T15:21:40-07:00,6,41
cv/index.html,38,html,f750a62d,qichengzou,2026-04-02,15:21:40,-07:00,2026-04-02T15:21:40-07:00,4,8
cv/index.html,39,html,f750a62d,qichengzou,2026-04-02,15:21:40,-07:00,2026-04-02T15:21:40-07:00,2,8
cv/index.html,40,html,f750a62d,qichengzou,2026-04-02,15:21:40,-07:00,2026-04-02T15:21:40-07:00,0,0
cv/index.html,41,html,f750a62d,qichengzou,2026-04-02,15:21:40,-07:00,2026-04-02T15:21:40-07:00,2,7
cv/index.html,42,html,f750a62d,qichengzou,2026-04-02,15:21:40,-07:00,2026-04-02T15:21:40-07:00,4,22
cv/index.html,43,html,f750a62d,qichengzou,2026-04-02,15:21:40,-07:00,2026-04-02T15:21:40-07:00,4,7
cv/index.html,44,html,f750a62d,qichengzou,2026-04-02,15:21:40,-07:00,2026-04-02T15:21:40-07:00,4,6
cv/index.html,45,html,f750a62d,qichengzou,2026-04-02,15:21:40,-07:00,2026-04-02T15:21:40-07:00,6,35
cv/index.html,46,html,f750a62d,qichengzou,2026-04-02,15:21:40,-07:00,2026-04-02T15:21:40-07:00,6,121
cv/index.html,47,html,f750a62d,qichengzou,2026-04-02,15:21:40,-07:00,2026-04-02T15:21:40-07:00,4,7
cv/index.html,48,html,f750a62d,qichengzou,2026-04-02,15:21:40,-07:00,2026-04-02T15:21:40-07:00,4,2
cv/index.html,49,html,f750a62d,qichengzou,2026-04-02,15:21:40,-07:00,2026-04-02T15:21:40-07:00,6,216
cv/index.html,50,html,f750a62d,qichengzou,2026-04-02,15:21:40,-07:00,2026-04-02T15:21:40-07:00,6,184
cv/index.html,51,html,f750a62d,qichengzou,2026-04-02,15:21:40,-07:00,2026-04-02T15:21:40-07:00,6,170
cv/index.html,52,html,f750a62d,qichengzou,2026-04-02,15:21:40,-07:00,2026-04-02T15:21:40-07:00,6,117
cv/index.html,53,html,f750a62d,qichengzou,2026-04-02,15:21:40,-07:00,2026-04-02T15:21:40-07:00,4,3
cv/index.html,54,html,f750a62d,qichengzou,2026-04-02,15:21:40,-07:00,2026-04-02T15:21:40-07:00,4,8
cv/index.html,55,html,f750a62d,qichengzou,2026-04-02,15:21:40,-07:00,2026-04-02T15:21:40-07:00,2,8
cv/index.html,56,html,f750a62d,qichengzou,2026-04-02,15:21:40,-07:00,2026-04-02T15:21:40-07:00,0,0
cv/index.html,57,html,f750a62d,qichengzou,2026-04-02,15:21:40,-07:00,2026-04-02T15:21:40-07:00,2,7
cv/index.html,58,html,f750a62d,qichengzou,2026-04-02,15:21:40,-07:00,2026-04-02T15:21:40-07:00,4,25
cv/index.html,59,html,f750a62d,qichengzou,2026-04-02,15:21:40,-07:00,2026-04-02T15:21:40-07:00,0,0
cv/index.html,60,html,f750a62d,qichengzou,2026-04-02,15:21:40,-07:00,2026-04-02T15:21:40-07:00,4,7
cv/index.html,61,html,f750a62d,qichengzou,2026-04-02,15:21:40,-07:00,2026-04-02T15:21:40-07:00,4,6
cv/index.html,62,html,f750a62d,qichengzou,2026-04-02,15:21:40,-07:00,2026-04-02T15:21:40-07:00,6,47
cv/index.html,63,html,f750a62d,qichengzou,2026-04-02,15:21:40,-07:00,2026-04-02T15:21:40-07:00,6,55
cv/index.html,64,html,f750a62d,qichengzou,2026-04-02,15:21:40,-07:00,2026-04-02T15:21:40-07:00,4,7
cv/index.html,65,html,f750a62d,qichengzou,2026-04-02,15:21:40,-07:00,2026-04-02T15:21:40-07:00,4,2
cv/index.html,66,html,f750a62d,qichengzou,2026-04-02,15:21:40,-07:00,2026-04-02T15:21:40-07:00,6,176
cv/index.html,67,html,f750a62d,qichengzou,2026-04-02,15:21:40,-07:00,2026-04-02T15:21:40-07:00,6,136
cv/index.html,68,html,f750a62d,qichengzou,2026-04-02,15:21:40,-07:00,2026-04-02T15:21:40-07:00,6,128
cv/index.html,69,html,f750a62d,qichengzou,2026-04-02,15:21:40,-07:00,2026-04-02T15:21:40-07:00,6,89
cv/index.html,70,html,f750a62d,qichengzou,2026-04-02,15:21:40,-07:00,2026-04-02T15:21:40-07:00,4,3
cv/index.html,71,html,f750a62d,qichengzou,2026-04-02,15:21:40,-07:00,2026-04-02T15:21:40-07:00,4,8
cv/index.html,72,html,f750a62d,qichengzou,2026-04-02,15:21:40,-07:00,2026-04-02T15:21:40-07:00,0,0
cv/index.html,73,html,f750a62d,qichengzou,2026-04-02,15:21:40,-07:00,2026-04-02T15:21:40-07:00,4,7
cv/index.html,74,html,f750a62d,qichengzou,2026-04-02,15:21:40,-07:00,2026-04-02T15:21:40-07:00,4,6
cv/index.html,75,html,f750a62d,qichengzou,2026-04-02,15:21:40,-07:00,2026-04-02T15:21:40-07:00,6,61
cv/index.html,76,html,f750a62d,qichengzou,2026-04-02,15:21:40,-07:00,2026-04-02T15:21:40-07:00,6,88
cv/index.html,77,html,f750a62d,qichengzou,2026-04-02,15:21:40,-07:00,2026-04-02T15:21:40-07:00,4,7
cv/index.html,78,html,f750a62d,qichengzou,2026-04-02,15:21:40,-07:00,2026-04-02T15:21:40-07:00,4,2
cv/index.html,79,html,f750a62d,qichengzou,2026-04-02,15:21:40,-07:00,2026-04-02T15:21:40-07:00,6,210
cv/index.html,80,html,f750a62d,qichengzou,2026-04-02,15:21:40,-07:00,2026-04-02T15:21:40-07:00,6,198
cv/index.html,81,html,f750a62d,qichengzou,2026-04-02,15:21:40,-07:00,2026-04-02T15:21:40-07:00,6,220
cv/index.html,82,html,f750a62d,qichengzou,2026-04-02,15:21:40,-07:00,2026-04-02T15:21:40-07:00,6,150
cv/index.html,83,html,f750a62d,qichengzou,2026-04-02,15:21:40,-07:00,2026-04-02T15:21:40-07:00,4,3
cv/index.html,84,html,f750a62d,qichengzou,2026-04-02,15:21:40,-07:00,2026-04-02T15:21:40-07:00,4,8
cv/index.html,85,html,f750a62d,qichengzou,2026-04-02,15:21:40,-07:00,2026-04-02T15:21:40-07:00,2,8
cv/index.html,86,html,f750a62d,qichengzou,2026-04-02,15:21:40,-07:00,2026-04-02T15:21:40-07:00,0,0
cv/index.html,87,html,f339345a,qichengzou,2026-04-02,21:16:16,-07:00,2026-04-02T21:16:16-07:00,0,5
cv/index.html,88,html,f339345a,qichengzou,2026-04-02,21:16:16,-07:00,2026-04-02T21:16:16-07:00,0,5
contact/index.html,1,html,f339345a,qichengzou,2026-04-02,21:16:16,-07:00,2026-04-02T21:16:16-07:00,0,13
contact/index.html,2,html,f339345a,qichengzou,2026-04-02,21:16:16,-07:00,2026-04-02T21:16:16-07:00,0,14
contact/index.html,3,html,0671484c,qichengzou,2026-04-02,16:01:00,-07:00,2026-04-02T16:01:00-07:00,0,4
contact/index.html,4,html,e83b2e8c,qichengzou,2026-04-10,20:51:39,-07:00,2026-04-10T20:51:39-07:00,1,20
contact/index.html,5,html,e83b2e8c,qichengzou,2026-04-10,20:51:39,-07:00,2026-04-10T20:51:39-07:00,1,68
contact/index.html,6,html,e83b2e8c,qichengzou,2026-04-10,20:51:39,-07:00,2026-04-10T20:51:39-07:00,1,41
contact/index.html,7,html,56f4f39c,qichengzou,2026-04-17,21:50:20,-07:00,2026-04-17T21:50:20-07:00,1,48
contact/index.html,8,html,e83b2e8c,qichengzou,2026-04-10,20:51:39,-07:00,2026-04-10T20:51:39-07:00,1,20
contact/index.html,9,html,0671484c,qichengzou,2026-04-02,16:01:00,-07:00,2026-04-02T16:01:00-07:00,0,5
contact/index.html,10,html,e83b2e8c,qichengzou,2026-04-10,20:51:39,-07:00,2026-04-10T20:51:39-07:00,0,4
contact/index.html,11,html,e83b2e8c,qichengzou,2026-04-10,20:51:39,-07:00,2026-04-10T20:51:39-07:00,1,14
contact/index.html,12,html,e83b2e8c,qichengzou,2026-04-10,20:51:39,-07:00,2026-04-10T20:51:39-07:00,0,0
contact/index.html,13,html,e83b2e8c,qichengzou,2026-04-10,20:51:39,-07:00,2026-04-10T20:51:39-07:00,1,70
contact/index.html,14,html,e83b2e8c,qichengzou,2026-04-10,20:51:39,-07:00,2026-04-10T20:51:39-07:00,2,5
contact/index.html,15,html,e83b2e8c,qichengzou,2026-04-10,20:51:39,-07:00,2026-04-10T20:51:39-07:00,3,4
contact/index.html,16,html,e83b2e8c,qichengzou,2026-04-10,20:51:39,-07:00,2026-04-10T20:51:39-07:00,3,31
contact/index.html,17,html,e83b2e8c,qichengzou,2026-04-10,20:51:39,-07:00,2026-04-10T20:51:39-07:00,2,6
contact/index.html,18,html,e83b2e8c,qichengzou,2026-04-10,20:51:39,-07:00,2026-04-10T20:51:39-07:00,0,0
contact/index.html,19,html,e83b2e8c,qichengzou,2026-04-10,20:51:39,-07:00,2026-04-10T20:51:39-07:00,2,5
contact/index.html,20,html,e83b2e8c,qichengzou,2026-04-10,20:51:39,-07:00,2026-04-10T20:51:39-07:00,3,6
contact/index.html,21,html,e83b2e8c,qichengzou,2026-04-10,20:51:39,-07:00,2026-04-10T20:51:39-07:00,3,20
contact/index.html,22,html,e83b2e8c,qichengzou,2026-04-10,20:51:39,-07:00,2026-04-10T20:51:39-07:00,2,6
contact/index.html,23,html,e83b2e8c,qichengzou,2026-04-10,20:51:39,-07:00,2026-04-10T20:51:39-07:00,0,0
contact/index.html,24,html,e83b2e8c,qichengzou,2026-04-10,20:51:39,-07:00,2026-04-10T20:51:39-07:00,2,5
contact/index.html,25,html,e83b2e8c,qichengzou,2026-04-10,20:51:39,-07:00,2026-04-10T20:51:39-07:00,3,3
contact/index.html,26,html,e83b2e8c,qichengzou,2026-04-10,20:51:39,-07:00,2026-04-10T20:51:39-07:00,3,31
contact/index.html,27,html,e83b2e8c,qichengzou,2026-04-10,20:51:39,-07:00,2026-04-10T20:51:39-07:00,2,6
contact/index.html,28,html,e83b2e8c,qichengzou,2026-04-10,20:51:39,-07:00,2026-04-10T20:51:39-07:00,0,0
contact/index.html,29,html,e83b2e8c,qichengzou,2026-04-10,20:51:39,-07:00,2026-04-10T20:51:39-07:00,2,21
contact/index.html,30,html,e83b2e8c,qichengzou,2026-04-10,20:51:39,-07:00,2026-04-10T20:51:39-07:00,1,5
contact/index.html,31,html,f339345a,qichengzou,2026-04-02,21:16:16,-07:00,2026-04-02T21:16:16-07:00,0,5
contact/index.html,32,html,f339345a,qichengzou,2026-04-02,21:16:16,-07:00,2026-04-02T21:16:16-07:00,0,5
